1,8/18/09,2:32:57
2,8/25/00,20:23:52
3,2/12/12,6:24:17
4,3/22/83,13:29:28
5,8/1/86,0:09:58
6,2/17/09,20:17:03
7,4/22/98,18:53:07
8,8/8/93,12:18:32
9,2/4/01,12:52:36
10,8/8/11,8:23:16
11,8/31/11,5:32:46
12,9/11/84,12:27:36
13,7/25/90,11:20:09
14,4/4/10,22:11:32
15,10/22/99,0:02:19
16,11/2/89,22:10:33
17,12/6/03,13:16:09
18,4/13/90,0:49:21
19,4/19/09,20:21:57
20,3/18/92,7:31:58
21,6/17/12,16:54:53
22,9/18/06,18:42:15
23,2/7/93,12:14:32
24,8/17/84,18:14:58
25,7/6/11,0:05:44
26,11/15/93,3:35:29
27,4/27/87,12:49:25
28,6/5/07,13:37:00
29,2/23/07,4:58:36
30,9/1/98,1:38:33
31,11/19/03,9:58:35
32,3/25/83,12:13:36
33,8/10/84,18:45:05
34,11/19/07,7:45:25
35,1/4/94,17:55:24
36,11/6/95,10:52:45
37,2/2/08,6:29:20
38,4/25/85,10:29:47
39,1/1/97,20:16:11
40,12/6/94,13:30:54
41,11/13/93,3:26:21
42,8/5/96,15:30:18
43,11/21/07,6:46:29
44,8/5/94,10:32:00
45,9/5/01,16:35:43
46,11/27/94,1:08:30
47,5/27/02,22:32:49
48,5/24/98,1:59:29
49,5/12/86,12:10:38
50,7/30/03,0:20:03
51,11/17/09,21:09:04
52,3/27/13,8:48:54
53,12/24/99,11:12:32
54,6/10/88,16:40:51
55,11/4/86,10:55:08
56,2/21/92,23:00:02
57,1/22/80,11:45:58
58,9/12/90,6:48:24
59,10/2/84,15:45:21
60,6/1/87,13:35:29
61,3/23/92,1:01:29
62,2/21/98,5:34:24
63,1/2/03,12:59:23
64,2/13/89,15:33:15
65,10/18/08,12:08:49
66,4/12/88,11:05:20
67,1/13/02,21:44:52
68,3/15/04,6:53:56
69,10/7/95,19:20:31
70,8/9/04,1:56:51
71,11/12/10,22:34:43
72,3/12/02,15:06:05
73,3/10/84,18:28:32
74,9/23/05,21:23:04
75,8/19/13,18:03:28
76,3/7/03,22:53:02
77,5/17/03,13:35:22
78,2/13/84,9:05:56
79,7/20/95,17:18:39
80,3/27/02,13:54:42
81,9/22/86,14:52:35
82,2/15/82,5:02:21
83,10/31/04,2:28:53
84,1/2/00,1:31:52
85,10/23/99,10:27:58
86,9/10/04,15:31:29
87,4/24/92,23:03:13
88,9/1/92,13:43:27
89,9/4/83,17:26:01
90,3/7/81,16:57:23
91,2/14/95,19:18:52
92,8/17/10,10:00:12
93,12/15/02,6:40:44
94,8/10/83,11:22:04
95,10/18/09,13:07:24
96,2/6/93,13:20:22
97,9/12/94,1:59:48
98,11/7/10,7:38:12
99,1/20/91,22:44:59
100,4/18/82,18:08:21
101,1/14/84,23:31:35
102,6/25/87,6:29:58
103,11/1/82,22:22:07
104,4/2/00,19:04:46
105,2/1/96,19:51:40
106,9/27/87,14:16:44
107,8/7/91,4:51:37
108,7/21/01,23:32:55
109,5/28/96,4:21:46
110,8/28/94,16:59:10
111,11/24/97,16:21:38
112,10/10/95,11:18:00
113,5/29/00,6:45:55
114,8/17/86,1:05:12
115,10/24/83,6:24:18
116,7/25/13,12:23:21
117,8/13/90,8:14:17
118,4/18/97,2:18:49
119,1/20/90,7:24:39
120,6/2/09,12:02:56
121,1/26/82,14:58:18
122,11/6/07,14:28:25
123,2/22/09,23:24:10
124,7/8/11,4:06:23
125,12/25/81,18:34:52
126,5/16/80,10:43:25
127,12/28/98,19:09:38
128,7/8/10,13:00:24
129,10/27/95,12:58:43
130,4/28/03,17:58:58
131,2/18/80,15:17:05
132,10/22/98,8:15:40
133,5/22/09,9:01:30
134,11/27/06,4:38:27
135,5/19/10,18:38:14
136,6/29/03,1:40:11
137,4/20/09,18:35:06
138,10/21/03,4:59:12
139,6/16/84,6:32:27
140,12/7/03,8:22:45
141,4/7/95,1:13:23
142,10/31/93,3:48:36
143,6/18/03,4:46:52
144,8/19/86,0:13:43
145,11/9/96,17:23:50
146,2/18/87,15:32:46
147,1/29/13,20:54:31
148,4/30/12,5:53:09
149,8/6/96,21:48:56
150,7/24/91,12:13:37
151,12/18/12,2:12:52
152,10/4/84,7:34:55
153,9/26/81,6:20:00
154,4/25/84,8:01:11
155,8/21/04,14:26:15
156,7/4/01,21:06:48
157,8/31/90,18:26:23
158,2/15/99,10:10:40
159,9/15/01,15:14:29
160,2/3/82,2:23:51
161,10/22/85,12:34:05
162,12/30/84,23:13:10
163,5/20/88,0:26:55
164,7/3/97,9:46:45
165,2/21/01,2:33:46
166,2/22/04,16:41:44
167,12/6/11,1:08:48
168,3/31/92,6:55:07
169,12/20/03,18:33:19
170,11/8/99,1:35:34
171,7/8/13,5:17:16
172,7/7/90,18:38:55
173,5/21/10,0:00:13
174,8/13/84,9:18:29
175,2/22/97,8:32:35
176,3/18/00,18:05:24
177,6/12/83,14:36:33
178,4/1/85,6:24:30
179,2/3/91,15:30:34
180,7/30/99,19:28:31
181,10/28/03,12:14:30
182,1/16/04,17:27:34
183,11/29/83,8:51:41
184,9/21/97,17:31:40
185,6/25/94,10:04:00
186,4/8/86,15:35:42
187,12/29/88,8:53:45
188,11/13/00,7:32:19
189,4/6/98,12:27:15
190,4/2/86,0:52:35
191,12/24/89,3:52:51
192,7/11/89,13:49:18
193,11/9/90,20:13:20
194,12/15/93,12:09:52
195,1/22/11,18:28:55
196,7/28/83,23:35:38
197,12/7/06,12:22:11
198,5/5/06,9:08:09
199,10/20/81,14:35:44
200,8/27/93,10:31:02
201,10/26/83,10:43:09
202,5/3/92,21:52:43
203,12/4/13,9:45:18
204,9/19/10,2:25:33
205,6/16/82,23:45:35
206,6/5/84,17:03:42
207,2/26/94,21:25:00
208,11/11/93,5:30:12
209,1/14/85,15:50:23
210,10/7/11,19:12:37
211,12/31/83,20:37:31
212,4/19/96,11:07:46
213,11/5/94,12:56:29
214,2/21/90,5:40:01
215,5/29/99,20:54:18
216,2/28/92,3:34:08
217,9/5/81,7:57:42
218,10/4/01,21:52:35
219,4/16/89,3:56:55
220,3/4/96,6:42:02
221,7/31/93,22:42:54
222,8/11/10,21:02:54
223,9/1/86,15:23:15
224,4/9/96,21:34:07
225,9/28/86,18:48:18
226,8/12/88,0:10:46
227,10/27/91,15:30:20
228,6/24/85,1:42:47
229,1/30/96,11:50:04
230,10/6/94,3:06:24
231,1/10/88,20:44:03
232,6/8/11,23:24:41
233,6/25/80,19:52:16
234,7/31/10,8:38:00
235,4/4/83,4:24:11
236,4/23/88,1:36:49
237,6/7/85,19:52:18
238,5/29/81,1:54:17
239,3/2/84,4:35:42
240,1/6/83,7:38:45
241,8/30/88,20:09:12
242,10/20/89,15:36:40
243,11/8/93,11:44:15
244,7/24/92,5:29:54
245,1/16/07,6:46:16
246,2/27/91,11:05:46
247,8/16/88,22:59:50
248,7/29/93,13:32:05
249,10/28/89,1:48:11
250,2/13/82,8:28:40
251,9/9/88,9:23:01
252,8/18/95,2:44:28
253,3/1/84,4:58:14
254,8/1/88,7:27:36
255,4/16/06,12:55:56
256,2/25/03,8:12:47
257,5/20/92,12:31:48
258,8/26/98,12:44:09
259,2/22/07,9:40:27
260,1/31/80,9:01:22
261,6/19/90,13:28:00
262,11/10/89,18:31:10
263,4/4/90,3:09:10
264,1/18/12,3:02:11
265,9/15/90,1:42:37
266,1/18/93,8:07:16
267,12/25/94,15:23:59
268,2/18/96,9:30:39
269,9/24/94,4:15:43
270,9/10/80,10:47:11
271,6/18/86,0:54:32
272,8/14/00,23:58:11
273,10/11/05,4:35:06
274,5/10/02,18:36:52
275,12/13/90,1:31:18
276,6/7/09,18:19:53
277,11/8/10,6:28:59
278,11/18/97,0:20:03
279,10/31/95,3:36:19
280,1/11/84,3:14:54
281,7/11/99,3:15:50
282,11/21/98,1:38:40
283,6/10/12,14:27:58
284,7/7/91,4:09:17
285,5/30/87,5:21:16
286,9/21/89,23:27:41
287,6/22/02,5:06:49
288,10/12/89,21:53:59
289,11/14/96,3:50:03
290,6/6/92,13:04:26
291,8/24/06,11:43:01
292,10/13/00,12:38:32
293,4/1/03,18:21:01
294,5/16/05,10:40:04
295,5/23/82,6:08:00
296,9/12/01,18:49:04
297,8/13/03,16:09:39
298,9/24/87,13:51:12
299,2/28/95,23:07:07
300,7/8/90,20:07:23
301,10/1/88,8:31:13
302,3/3/83,21:19:54
303,9/26/93,4:27:11
304,11/18/13,4:54:40
305,4/8/95,3:13:45
306,5/28/87,10:04:54
307,7/23/81,11:50:27
308,9/21/82,19:54:34
309,2/3/87,10:57:52
310,5/17/85,8:04:45
311,7/2/85,12:19:28
312,8/7/91,16:38:14
313,4/3/07,12:41:07
314,4/11/09,20:50:55
315,2/21/91,9:26:35
316,8/9/09,3:20:40
317,6/15/85,22:26:32
318,7/5/92,8:48:57
319,1/2/09,4:21:07
320,11/23/01,11:43:50
321,3/13/13,18:17:53
322,9/9/83,10:22:01
323,10/13/85,0:53:29
324,4/8/01,6:41:16
325,3/10/04,0:19:39
326,3/7/08,20:00:51
327,4/11/09,13:07:44
328,1/24/06,19:48:44
329,8/6/10,15:38:15
330,1/1/01,21:42:24
331,2/6/12,7:08:28
332,4/8/09,2:45:38
333,8/30/04,13:44:11
334,1/8/96,2:44:10
335,7/24/12,16:38:26
336,5/27/94,7:41:12
337,5/30/94,3:44:55
338,12/21/92,8:40:17
339,5/14/08,21:37:19
340,4/9/93,4:19:03
341,7/16/95,7:51:41
342,5/8/90,16:06:57
343,11/2/87,17:54:13
344,7/30/86,22:50:17
345,6/16/82,7:37:21
346,8/8/91,1:38:10
347,12/8/80,20:09:05
348,2/17/80,0:41:03
349,5/4/99,15:21:59
350,5/16/87,19:54:50
351,3/6/01,3:59:24
352,2/26/05,11:10:56
353,5/28/84,8:25:56
354,6/5/96,3:22:29
355,8/30/85,19:11:10
356,3/2/13,10:17:26
357,8/10/98,15:01:58
358,1/27/93,20:39:29
359,11/12/82,0:24:14
360,4/7/13,15:23:04
361,4/9/01,18:29:52
362,1/2/84,6:09:14
363,11/20/00,10:53:01
364,12/9/87,6:03:04
365,9/4/96,6:57:46
366,1/17/81,19:44:12
367,6/28/85,17:57:24
368,6/23/99,22:39:19
369,3/23/90,2:16:35
370,4/1/11,1:46:40
371,10/8/09,11:18:39
372,7/24/92,13:55:08
373,6/7/00,0:37:06
374,7/12/03,5:26:08
375,1/3/80,9:54:59
376,2/23/95,21:05:34
377,9/20/12,23:47:11
378,7/19/92,12:11:11
379,9/27/94,4:13:54
380,9/11/07,13:06:08
381,10/6/99,23:43:16
382,7/6/80,13:59:51
383,4/4/86,12:41:12
384,5/30/93,17:07:37
385,3/28/89,11:41:39
386,2/8/99,11:15:18
387,2/12/02,16:07:50
388,1/28/84,18:08:14
389,6/7/93,4:57:59
390,10/23/07,11:39:10
391,2/7/97,11:34:40
392,12/13/86,4:01:41
393,12/19/99,3:38:13
394,12/18/09,4:07:17
395,3/14/94,1:57:07
396,12/6/93,20:25:14
397,6/20/93,14:07:13
398,8/20/87,7:18:53
399,10/1/91,1:28:57
400,6/11/86,13:32:32
401,12/27/80,7:18:54
402,7/15/89,12:26:18
403,10/14/12,13:32:54
404,7/19/86,19:19:19
405,8/2/04,18:34:44
406,12/20/11,2:10:14
407,7/27/07,0:21:45
408,1/18/80,5:16:07
409,6/5/83,1:26:36
410,12/31/83,1:32:19
411,10/18/90,11:01:56
412,1/12/12,14:22:40
413,8/23/07,7:30:31
414,5/1/13,7:34:00
415,5/10/97,23:38:12
416,1/11/00,22:03:35
417,5/17/93,2:14:06
418,4/4/95,15:06:31
419,5/21/82,22:41:18
420,9/27/93,22:18:25
421,6/30/10,0:10:57
422,12/25/07,23:30:44
423,9/10/80,11:56:23
424,1/29/81,9:31:58
425,5/28/98,8:23:57
426,10/11/87,14:31:12
427,1/18/94,22:54:17
428,9/20/84,23:41:49
429,10/4/99,14:00:58
430,3/7/13,17:21:34
431,11/30/88,10:55:35
432,8/18/13,19:39:06
433,10/20/98,5:44:50
434,12/25/11,5:45:33
435,12/28/99,10:28:50
436,11/13/05,1:37:05
437,11/7/92,2:13:44
438,2/27/83,15:24:50
439,2/14/97,10:22:02
440,10/31/82,1:46:04
441,2/16/96,22:37:12
442,10/19/86,22:05:31
443,1/11/93,5:54:27
444,6/6/06,16:32:13
445,5/26/88,12:54:11
446,4/4/83,17:16:23
447,8/24/83,8:37:25
448,6/7/85,1:01:57
449,2/4/07,8:13:43
450,12/22/92,16:41:57
451,6/20/02,20:25:33
452,4/18/10,2:12:47
453,1/5/02,1:48:09
454,2/28/92,12:57:50
455,10/20/94,5:39:49
456,5/28/05,3:06:29
457,11/23/12,12:26:30
458,8/18/01,12:09:05
459,10/22/81,22:11:12
460,7/8/99,3:02:14
461,10/25/86,8:52:44
462,12/27/05,16:14:48
463,6/9/85,0:55:00
464,11/14/94,2:54:17
465,4/27/85,9:16:12
466,2/7/03,1:43:40
467,12/25/85,7:13:09
468,11/20/98,20:48:17
469,5/19/02,1:15:35
470,12/20/93,23:05:22
471,9/7/86,15:26:42
472,10/23/09,1:13:06
473,3/2/11,10:41:07
474,8/25/13,3:53:13
475,10/1/97,18:36:00
476,2/25/81,2:07:39
477,7/8/93,18:30:51
478,3/23/04,10:19:53
479,2/20/06,3:02:39
480,6/14/92,3:09:22
481,8/2/13,5:41:49
482,6/7/03,15:57:31
483,3/4/98,6:28:15
484,3/18/88,11:50:27
485,5/3/83,16:55:50
486,4/22/06,13:56:22
487,12/4/94,0:56:50
488,3/28/94,7:10:12
489,5/10/90,5:07:40
490,4/20/10,15:57:23
491,2/10/08,9:12:56
492,5/5/12,3:18:56
493,8/22/02,12:55:10
494,12/29/83,4:42:07
495,9/10/99,18:45:51
496,8/29/88,5:13:51
497,8/12/06,17:30:37
498,2/1/91,6:31:59
499,3/28/87,12:05:16
500,1/10/91,23:00:08
501,9/28/80,11:52:15
502,5/13/03,7:15:21
503,9/29/99,18:20:25
504,11/9/99,6:26:47
505,2/26/02,0:11:56
506,10/5/93,6:40:30
507,7/23/11,15:11:18
508,10/1/94,14:51:18
509,12/21/08,16:53:04
510,4/22/81,23:28:02
511,10/16/81,13:23:36
512,7/29/06,5:52:12
513,7/21/85,14:06:10
514,5/18/86,18:45:51
515,2/3/80,15:00:00
516,5/3/02,7:00:38
517,12/31/83,4:16:45
518,1/27/03,16:03:49
519,1/12/86,17:49:56
520,7/15/82,13:49:12
521,10/6/83,11:11:29
522,3/14/12,20:19:34
523,9/1/94,14:33:12
524,2/20/97,17:41:55
525,3/10/99,3:12:21
526,9/19/98,10:53:41
527,8/23/83,21:54:20
528,10/10/89,0:09:45
529,5/29/98,4:21:53
530,12/2/97,22:58:44
531,3/11/02,2:08:48
532,10/22/13,16:56:43
533,7/2/86,19:39:52
534,11/24/06,20:06:21
535,1/29/96,21:15:36
536,2/1/12,6:53:47
537,5/26/09,19:27:29
538,8/27/82,17:39:47
539,6/19/13,18:40:47
540,10/4/84,1:47:58
541,1/1/96,7:34:43
542,8/24/86,3:35:00
543,12/4/02,19:28:10
544,3/29/88,10:40:06
545,10/20/11,7:55:38
546,10/21/90,14:15:04
547,1/12/97,16:05:14
548,5/10/05,17:57:01
549,8/7/00,11:54:45
550,3/3/80,3:34:51
551,10/21/81,8:13:41
552,6/5/10,14:09:28
553,12/16/99,13:55:05
554,2/17/92,15:18:44
555,6/10/96,22:02:10
556,11/19/86,13:04:50
557,7/25/04,20:34:25
558,3/13/93,15:21:44
559,6/15/89,23:16:26
560,1/23/04,2:39:23
561,11/16/11,4:01:07
562,7/26/12,22:05:30
563,1/5/08,0:12:38
564,4/6/93,7:46:24
565,8/10/06,5:20:46
566,5/5/08,18:27:15
567,6/17/93,9:02:44
568,10/21/02,23:28:36
569,12/3/85,19:09:22
570,7/16/91,17:05:56
571,10/5/87,14:44:26
572,9/19/80,18:39:59
573,3/9/84,2:15:07
574,8/30/84,20:44:15
575,1/4/86,20:30:44
576,8/16/95,4:42:30
577,1/10/01,13:21:51
578,1/1/03,3:39:30
579,5/27/02,2:33:22
580,10/15/94,21:35:48
581,3/4/06,14:29:34
582,10/24/97,15:51:23
583,3/20/96,16:47:25
584,8/26/90,19:05:25
585,6/18/90,1:25:42
586,10/3/10,19:04:28
587,9/23/03,0:06:39
588,11/5/00,16:15:05
589,5/2/11,3:04:48
590,6/13/80,23:06:02
591,5/13/80,13:10:24
592,1/20/98,15:14:32
593,7/2/80,18:03:43
594,3/26/09,22:34:45
595,5/8/06,20:00:39
596,12/23/00,8:18:44
597,3/30/90,5:09:18
598,12/18/96,12:12:47
599,9/6/81,21:10:19
600,3/7/13,7:54:23
601,1/12/87,0:35:22
602,11/22/11,23:19:46
603,3/17/08,9:15:02
604,12/28/94,16:08:20
605,4/5/08,11:13:39
606,7/30/91,7:57:11
607,8/21/83,22:54:27
608,1/23/13,8:54:32
609,4/30/99,23:47:21
610,11/26/91,1:22:46
611,8/2/82,3:24:06
612,4/12/02,6:10:34
613,4/22/93,7:44:23
614,9/24/11,12:44:01
615,2/13/91,1:20:07
616,1/16/13,21:58:15
617,3/4/98,22:17:20
618,10/29/12,3:44:33
619,11/11/92,23:38:41
620,7/12/81,18:44:14
621,3/14/04,20:29:46
622,7/1/10,5:39:27
623,3/9/85,21:47:59
624,3/15/94,16:38:22
625,8/13/08,12:47:50
626,2/19/83,2:23:19
627,4/21/86,8:48:22
628,2/15/97,14:04:31
629,4/4/07,1:09:15
630,7/7/08,3:04:44
631,6/5/88,21:23:32
632,12/12/84,9:26:23
633,11/10/08,18:25:54
634,4/7/06,6:46:50
635,8/27/02,14:32:58
636,11/17/04,22:07:29
637,12/15/03,5:08:34
638,3/25/90,17:56:13
639,2/14/96,14:04:47
640,11/10/96,9:27:11
641,2/26/05,7:13:10
642,4/9/92,1:35:22
643,2/20/11,16:29:35
644,10/17/86,12:48:27
645,3/14/04,2:47:42
646,8/17/08,23:22:02
647,11/17/80,5:41:11
648,7/31/93,1:31:02
649,5/3/80,12:18:44
650,2/15/01,8:06:43
651,3/17/87,8:09:41
652,11/6/94,8:34:31
653,5/1/83,18:57:41
654,8/27/94,10:58:00
655,3/24/91,21:36:47
656,8/9/91,16:48:54
657,4/15/95,16:23:13
658,1/5/93,3:03:05
659,9/8/00,13:02:31
660,12/28/83,0:27:07
661,1/15/89,13:00:46
662,6/21/82,6:54:10
663,5/5/13,2:22:39
664,11/4/99,16:12:57
665,3/31/91,3:21:03
666,7/27/87,15:05:40
667,9/16/97,7:39:59
668,5/9/08,12:23:57
669,2/17/87,0:59:39
670,2/13/84,10:31:28
671,11/18/04,6:14:45
672,9/18/93,20:21:44
673,5/3/93,19:54:53
674,8/5/82,1:33:12
675,12/11/05,21:39:49
676,3/27/95,11:01:57
677,8/4/92,6:06:51
678,2/10/83,10:05:35
679,12/28/86,5:26:58
680,9/16/99,7:34:04
681,6/11/01,6:26:17
682,11/6/81,0:33:16
683,4/1/04,11:54:05
684,10/30/09,17:02:37
685,8/17/06,21:18:54
686,7/31/97,4:20:42
687,4/26/01,14:55:32
688,1/20/98,23:22:50
689,3/20/11,1:58:52
690,8/3/84,22:14:41
691,6/11/03,17:46:27
692,4/22/86,7:49:25
693,1/19/90,18:34:23
694,2/11/99,12:28:08
695,11/1/86,9:18:14
696,4/26/00,9:32:41
697,5/28/01,10:10:51
698,4/18/97,2:18:36
699,7/27/92,17:17:27
700,8/7/83,16:29:31
701,2/22/09,12:46:37
702,12/30/91,20:41:06
703,12/17/88,8:09:36
704,12/22/95,23:04:43
705,6/16/97,10:31:56
706,1/11/98,15:39:20
707,12/26/96,2:27:21
708,4/18/84,8:06:09
709,1/25/84,11:09:54
710,8/28/87,9:54:43
711,6/11/98,9:55:23
712,9/6/91,5:00:14
713,8/8/12,17:41:26
714,9/16/01,16:04:44
715,5/20/87,8:29:14
716,10/7/13,14:04:28
717,3/20/04,22:31:40
718,5/26/02,19:39:53
719,2/11/08,18:51:13
720,12/12/99,9:53:22
721,10/17/96,17:03:12
722,9/20/94,13:51:29
723,7/13/84,4:01:17
724,10/3/96,9:08:19
725,3/27/13,17:54:23
726,8/18/03,13:19:02
727,10/16/88,19:35:17
728,11/5/06,19:03:10
729,9/14/00,23:40:09
730,6/29/08,3:49:00
731,10/2/83,23:59:06
732,10/18/03,21:51:19
733,4/28/93,5:54:40
734,12/7/87,18:37:49
735,11/9/97,10:48:37
736,11/8/12,23:51:07
737,9/13/98,5:51:17
738,2/2/86,17:02:01
739,6/30/00,12:39:28
740,9/14/91,19:12:37
741,3/30/80,2:01:11
742,1/9/01,13:03:00
743,11/3/10,13:18:35
744,12/13/98,5:42:35
745,7/29/13,17:19:13
746,12/2/12,9:55:58
747,12/13/09,18:31:45
748,5/19/01,13:21:27
749,4/5/88,17:35:34
750,1/23/87,20:47:00
751,12/23/13,19:32:35
752,8/22/98,13:05:55
753,2/20/89,20:38:16
754,8/11/80,15:41:31
755,6/15/96,9:30:28
756,6/9/89,12:53:54
757,8/30/01,20:01:59
758,1/16/08,19:50:46
759,9/30/06,5:48:19
760,9/15/90,3:23:22
761,2/5/06,23:03:49
762,5/17/12,7:45:34
763,10/28/88,14:40:40
764,9/29/13,12:34:47
765,5/23/86,0:42:35
766,8/26/85,2:11:17
767,11/17/83,1:28:19
768,10/22/07,4:48:23
769,4/11/05,9:02:06
770,9/17/01,9:23:07
771,8/2/83,7:59:00
772,8/20/95,11:40:05
773,10/14/96,15:45:25
774,11/12/86,14:51:42
775,3/25/88,23:48:31
776,10/27/04,4:21:17
777,2/10/87,10:59:26
778,9/4/08,15:13:24
779,11/24/95,3:12:36
780,8/31/06,11:41:57
781,6/17/94,10:48:57
782,2/21/84,21:08:53
783,7/23/10,3:09:33
784,8/28/11,1:31:45
785,3/28/86,12:45:14
786,11/10/08,6:03:02
787,3/12/99,22:39:17
788,6/8/80,17:31:14
789,8/10/93,9:45:51
790,4/11/00,14:59:33
791,5/11/94,16:20:38
792,6/1/06,7:20:49
793,12/31/03,10:30:28
794,6/25/84,12:45:21
795,7/17/96,20:17:27
796,8/7/10,18:59:17
797,4/21/80,12:26:31
798,8/28/84,15:26:38
799,9/6/07,21:16:29
800,11/16/83,1:34:26
801,8/6/99,12:39:55
802,5/24/83,2:42:10
803,4/25/94,18:37:30
804,5/5/10,18:05:31
805,8/25/93,5:29:08
806,2/27/13,22:36:03
807,8/20/93,23:41:25
808,12/19/06,2:24:36
809,12/1/00,23:10:16
810,8/29/01,18:09:16
811,11/5/85,5:26:46
812,2/15/88,5:48:52
813,3/2/90,0:40:14
814,2/14/88,12:23:54
815,3/25/93,20:03:54
816,11/4/96,22:05:50
817,5/22/83,8:07:37
818,6/3/08,14:48:59
819,7/10/06,6:15:25
820,1/23/08,22:20:41
821,4/23/94,8:49:10
822,7/7/98,1:40:22
823,8/16/96,15:04:50
824,5/17/04,0:28:14
825,2/18/80,18:46:57
826,7/13/84,6:44:52
827,1/10/84,21:45:43
828,3/28/05,9:11:13
829,12/14/85,18:02:55
830,4/15/82,7:46:29
831,2/24/01,0:04:50
832,9/23/12,15:34:20
833,9/26/03,14:52:15
834,8/5/83,6:24:38
835,11/17/91,5:20:47
836,4/19/06,23:42:17
837,10/13/89,2:14:33
838,12/8/07,4:56:39
839,5/7/98,11:28:02
840,3/25/93,23:33:22
841,3/4/06,0:08:03
842,12/25/07,7:24:41
843,4/3/98,21:57:15
844,3/31/93,17:12:13
845,2/12/92,19:36:09
846,1/11/11,10:04:30
847,10/2/97,6:51:51
848,6/25/10,4:16:45
849,12/12/98,0:22:46
850,6/23/06,19:01:05
851,3/6/08,13:36:02
852,8/17/08,9:16:51
853,5/28/07,0:54:22
854,8/4/01,15:40:51
855,5/6/87,1:58:55
856,7/8/11,5:42:42
857,9/23/83,11:13:38
858,10/19/87,19:16:05
859,2/10/88,22:14:08
860,5/12/13,23:58:08
861,5/29/11,3:59:27
862,4/14/88,17:44:55
863,7/16/90,14:28:22
864,8/18/09,21:31:54
865,8/26/08,19:10:13
866,3/10/96,15:52:38
867,3/31/01,2:09:32
868,9/1/08,5:55:42
869,6/6/84,11:58:50
870,6/12/83,9:06:02
871,5/6/10,16:51:16
872,5/26/12,21:00:23
873,10/24/01,8:29:41
874,8/29/87,3:04:07
875,11/22/92,14:23:26
876,10/30/12,2:38:03
877,9/24/98,22:59:25
878,10/13/99,12:32:42
879,6/4/90,12:50:02
880,3/14/88,2:57:10
881,9/22/98,9:21:13
882,9/10/91,1:32:40
883,6/1/99,16:23:02
884,5/10/82,0:56:25
885,3/20/87,6:27:30
886,2/8/00,2:38:14
887,3/21/06,14:37:33
888,9/15/97,8:51:11
889,1/11/11,16:25:15
890,3/1/82,21:51:16
891,7/10/12,0:04:43
892,2/4/87,3:46:04
893,9/23/85,6:47:50
894,6/3/09,8:00:54
895,3/30/95,4:09:17
896,2/19/05,17:36:27
897,6/1/80,12:15:26
898,5/17/01,20:01:09
899,5/27/86,8:47:34
900,11/17/10,2:18:32
901,10/12/05,3:31:37
902,5/19/90,17:38:09
903,1/23/98,12:02:46
904,2/17/95,18:18:11
905,7/23/01,22:32:01
906,6/17/89,20:08:01
907,4/30/09,14:40:11
908,9/8/07,22:33:37
909,7/23/01,8:00:23
910,3/15/91,21:32:05
911,7/2/93,3:30:23
912,3/1/85,15:07:41
913,7/2/85,9:55:29
914,2/12/11,12:18:49
915,4/18/00,2:14:10
916,10/27/87,18:49:49
917,1/21/05,11:58:40
918,7/13/90,17:09:11
919,12/16/06,11:13:30
920,9/13/99,16:38:35
921,11/1/89,0:56:19
922,11/16/11,7:50:58
923,2/2/84,11:51:49
924,5/28/85,2:27:22
925,8/4/12,11:13:33
926,9/12/10,6:54:26
927,10/24/85,20:51:25
928,11/3/83,1:54:27
929,4/15/10,17:36:52
930,10/8/04,13:12:48
931,1/20/85,3:35:46
932,6/22/84,19:47:07
933,2/9/88,18:10:37
934,10/22/12,19:36:55
935,1/16/95,18:30:38
936,2/25/12,10:49:57
937,7/28/01,20:58:51
938,8/22/01,3:51:36
939,12/31/86,6:42:22
940,11/24/08,5:30:56
941,11/13/81,21:23:35
942,11/22/87,11:19:47
943,7/2/07,11:44:44
944,6/23/93,14:18:17
945,8/15/08,18:42:37
946,6/24/93,17:27:03
947,8/22/92,4:24:43
948,12/11/03,4:13:41
949,9/27/83,11:10:01
950,8/25/80,22:05:58
951,1/20/92,20:21:10
952,8/20/05,19:22:25
953,10/19/97,9:17:00
954,1/8/03,1:59:14
955,4/21/06,18:46:21
956,11/20/80,3:55:07
957,1/15/92,2:44:17
958,8/1/97,16:32:22
959,11/13/81,1:20:31
960,4/4/00,17:44:00
961,10/22/07,23:43:55
962,6/20/89,10:36:52
963,4/19/84,23:13:04
964,9/15/92,3:42:22
965,8/15/80,9:40:03
966,12/5/94,11:46:53
967,11/17/09,15:24:22
968,1/21/86,3:09:50
969,12/25/94,23:28:04
970,10/2/01,3:41:05
971,3/19/91,2:13:19
972,3/23/87,7:06:09
973,6/12/95,12:21:15
974,4/30/03,22:49:52
975,7/5/00,15:32:13
976,1/13/03,6:14:16
977,1/30/12,22:27:10
978,2/28/95,20:12:50
979,3/6/05,17:29:03
980,12/14/00,5:35:18
981,10/8/80,20:04:16
982,2/11/91,8:05:31
983,7/17/08,6:50:41
984,7/7/89,5:20:05
985,4/15/83,13:58:20
986,9/15/85,9:59:11
987,11/26/89,15:33:30
988,8/14/82,18:30:03
989,3/8/94,10:51:29
990,6/22/94,11:33:18
991,11/19/11,20:56:40
992,3/25/11,20:26:52
993,2/10/88,23:46:48
994,1/4/00,10:48:59
995,3/10/08,9:24:42
996,11/22/83,17:16:24
997,10/13/07,11:55:44
998,11/11/88,19:00:40
999,4/2/09,5:02:24
1000,1/28/95,13:32:20
1001,12/29/12,19:37:03
1002,6/4/99,11:28:14
1003,5/27/97,11:15:28
1004,3/14/07,10:24:05
1005,12/24/84,22:39:56
1006,1/16/94,8:44:19
1007,4/14/01,16:25:05
1008,9/4/94,16:49:10
1009,9/9/93,1:42:26
1010,6/23/97,6:00:06
1011,2/25/97,16:26:01
1012,12/31/91,19:58:10
1013,12/31/91,15:31:03
1014,1/20/11,8:27:33
1015,10/5/03,19:29:34
1016,6/27/06,23:44:36
1017,11/16/09,16:22:15
1018,2/22/96,11:45:30
1019,6/11/05,7:11:50
1020,3/7/93,6:29:21
1021,4/26/91,12:55:31
1022,1/30/09,1:50:59
1023,12/12/07,12:18:50
1024,4/13/85,7:21:17
1025,4/2/05,11:03:40
1026,1/31/95,13:36:28
1027,3/5/80,1:55:38
1028,9/19/99,13:38:21
1029,2/25/89,11:29:39
1030,12/20/00,11:13:25
1031,3/23/93,23:11:21
1032,8/20/92,15:46:51
1033,7/3/87,1:55:21
1034,3/26/94,7:05:56
1035,2/5/98,17:16:40
1036,10/4/90,16:01:30
1037,10/12/12,7:55:26
1038,7/23/94,18:23:04
1039,4/23/09,17:56:02
1040,2/11/95,21:38:18
1041,11/17/82,8:25:42
1042,6/7/98,12:31:26
1043,10/7/07,13:05:13
1044,6/8/12,21:56:17
1045,8/28/88,21:05:11
1046,2/25/96,13:26:48
1047,7/13/06,16:51:09
1048,3/23/99,0:15:00
1049,5/23/80,4:35:50
1050,8/29/93,6:51:25
1051,7/28/13,9:19:21
1052,8/26/99,17:48:47
1053,9/18/88,11:20:00
1054,12/14/84,15:04:20
1055,10/14/95,0:16:48
1056,6/16/06,4:39:23
1057,3/31/89,0:10:24
1058,12/7/88,7:10:26
1059,5/9/04,7:55:38
1060,6/17/04,10:48:10
1061,3/22/11,5:44:42
1062,3/12/86,20:53:17
1063,1/23/04,6:02:01
1064,9/3/82,10:30:08
1065,6/8/99,13:08:02
1066,4/28/09,18:20:04
1067,7/19/90,3:01:22
1068,7/14/82,1:30:14
1069,9/29/89,11:17:18
1070,5/27/99,8:35:50
1071,11/14/13,9:51:49
1072,11/22/99,10:22:51
1073,2/13/87,6:17:45
1074,2/26/11,14:00:27
1075,8/27/84,13:34:02
1076,6/7/12,14:14:59
1077,9/21/87,7:28:43
1078,5/27/94,1:25:32
1079,1/19/07,21:37:23
1080,11/25/98,10:48:36
1081,11/7/13,11:05:22
1082,10/5/93,14:10:47
1083,9/2/81,15:42:12
1084,2/1/92,4:12:22
1085,12/16/00,9:49:53
1086,2/5/12,17:52:51
1087,3/27/10,13:09:14
1088,1/14/92,12:08:04
1089,10/19/91,2:31:47
1090,2/11/13,21:49:23
1091,3/17/03,4:52:23
1092,11/20/12,4:25:36
1093,7/9/83,20:21:42
1094,11/11/09,1:12:08
1095,10/4/82,7:44:55
1096,12/5/90,3:15:55
1097,8/22/90,0:25:48
1098,12/14/00,8:22:03
1099,2/10/92,17:10:56
1100,11/10/81,13:57:08
1101,6/19/88,11:04:24
1102,9/13/06,7:41:32
1103,7/19/91,14:07:05
1104,10/28/97,3:50:26
1105,3/5/92,5:42:26
1106,11/2/95,11:56:03
1107,1/10/91,14:11:46
1108,3/6/06,12:27:21
1109,7/17/00,5:50:21
1110,11/18/09,13:53:21
1111,3/19/87,18:51:54
1112,3/31/06,1:09:00
1113,2/19/98,16:38:42
1114,7/23/92,8:44:18
1115,2/15/08,11:41:04
1116,8/24/12,22:23:54
1117,3/25/98,5:51:56
1118,3/2/88,9:44:55
1119,1/19/93,17:28:30
1120,8/27/88,21:50:50
1121,10/22/02,3:48:25
1122,12/15/00,15:07:07
1123,8/20/89,7:45:18
1124,8/27/13,11:09:02
1125,5/1/80,21:04:26
1126,1/20/12,23:05:19
1127,3/10/10,18:22:42
1128,7/25/92,7:54:45
1129,3/10/82,2:56:28
1130,4/30/11,2:42:05
1131,3/4/08,20:40:25
1132,12/26/00,7:09:56
1133,9/1/93,22:32:17
1134,7/6/09,4:02:31
1135,2/7/98,3:49:42
1136,1/7/05,13:32:30
1137,6/4/89,0:04:27
1138,7/31/99,16:28:11
1139,6/3/89,22:32:56
1140,3/23/09,20:27:36
1141,3/5/13,22:46:37
1142,6/3/93,7:42:32
1143,12/28/80,3:33:26
1144,6/5/87,19:29:29
1145,1/31/09,9:50:45
1146,11/26/00,10:35:05
1147,10/26/90,14:08:40
1148,4/2/06,12:31:32
1149,6/20/08,17:35:03
1150,10/16/84,13:56:31
1151,10/1/91,6:48:18
1152,9/18/01,14:32:25
1153,2/10/13,13:58:39
1154,2/17/80,17:04:02
1155,10/27/93,13:34:32
1156,9/8/98,14:45:02
1157,1/18/85,14:07:16
1158,6/4/08,1:54:52
1159,10/9/00,9:38:57
1160,2/14/91,3:36:03
1161,9/19/85,6:28:23
1162,10/26/90,20:17:25
1163,3/21/87,6:01:18
1164,5/2/85,15:31:12
1165,11/5/93,21:43:27
1166,9/5/83,11:07:51
1167,5/1/82,13:26:33
1168,3/24/03,17:21:02
1169,8/1/96,1:41:19
1170,8/15/91,16:10:57
1171,7/25/03,13:03:58
1172,10/6/95,15:19:17
1173,10/9/82,22:06:45
1174,12/11/96,11:09:52
1175,8/17/92,3:50:27
1176,3/24/97,11:03:22
1177,10/6/80,22:30:16
1178,6/5/95,4:55:31
1179,3/13/91,15:17:03
1180,12/9/01,10:55:54
1181,5/13/80,17:01:58
1182,4/22/85,0:41:47
1183,5/7/83,10:45:54
1184,6/28/90,10:59:07
1185,10/9/93,15:15:16
1186,4/9/11,12:41:56
1187,7/6/13,23:55:07
1188,9/20/13,5:14:34
1189,5/4/10,13:27:14
1190,1/24/80,23:24:13
1191,1/9/06,19:30:23
1192,1/3/80,21:30:27
1193,10/27/98,9:28:22
1194,4/18/87,17:04:38
1195,2/3/09,12:31:30
1196,12/17/92,8:24:58
1197,2/26/87,3:03:08
1198,8/27/88,3:25:26
1199,7/31/81,0:50:46
1200,11/10/02,7:44:47
1201,10/23/99,22:46:45
1202,11/11/85,23:45:32
1203,6/5/89,5:30:42
1204,2/18/11,23:34:03
1205,7/6/05,15:12:31
1206,8/15/89,13:49:19
1207,11/3/00,21:17:49
1208,8/31/96,1:18:58
1209,12/4/94,8:51:52
1210,11/6/06,15:24:38
1211,9/25/96,12:12:48
1212,5/13/85,2:21:30
1213,4/20/81,12:16:01
1214,7/5/97,5:44:48
1215,10/23/80,3:38:35
1216,10/18/90,19:56:26
1217,6/4/09,9:16:26
1218,9/27/13,16:13:43
1219,5/15/11,14:11:35
1220,4/4/82,17:53:11
1221,11/20/12,20:29:51
1222,11/10/89,20:06:40
1223,8/19/86,15:40:23
1224,12/21/93,12:38:35
1225,11/1/02,4:44:08
1226,12/13/85,21:21:45
1227,3/5/81,14:20:43
1228,1/2/07,0:46:10
1229,5/4/01,2:45:44
1230,3/7/94,8:19:34
1231,5/22/12,14:27:27
1232,1/22/11,7:50:11
1233,6/14/07,23:57:23
1234,4/13/09,2:41:44
1235,11/5/07,4:55:28
1236,1/22/86,11:19:51
1237,2/17/83,19:31:51
1238,9/28/82,14:34:11
1239,9/14/06,23:19:59
1240,4/6/93,9:01:10
1241,11/4/83,11:14:44
1242,10/7/08,15:02:37
1243,8/3/09,20:09:14
1244,3/22/92,23:48:25
1245,8/10/01,0:03:23
1246,12/28/08,7:34:47
1247,7/20/06,15:25:21
1248,8/29/89,2:39:00
1249,12/17/84,17:47:27
1250,1/30/96,12:28:12
1251,6/8/82,3:19:11
1252,6/30/00,8:04:00
1253,7/8/13,14:34:22
1254,4/10/01,19:40:22
1255,8/20/80,19:48:54
1256,9/14/07,4:19:44
1257,4/14/04,2:42:57
1258,3/19/96,22:39:33
1259,7/4/99,16:32:16
1260,3/27/03,3:07:59
1261,3/29/10,19:56:51
1262,2/24/84,0:47:14
1263,1/12/99,0:09:42
1264,11/27/03,23:46:00
1265,9/8/86,17:35:47
1266,2/10/84,19:49:32
1267,10/15/91,0:51:16
1268,7/19/84,12:13:38
1269,12/6/88,4:51:40
1270,9/6/87,5:24:29
1271,7/6/06,10:40:25
1272,5/18/05,18:34:24
1273,3/23/95,20:41:08
1274,6/30/06,16:47:37
1275,11/10/08,12:38:18
1276,8/6/95,21:58:39
1277,12/25/08,1:54:36
1278,5/24/91,7:39:03
1279,5/28/86,22:43:02
1280,4/2/07,14:33:12
1281,12/7/90,10:31:58
1282,9/23/03,17:42:17
1283,3/19/00,16:51:56
1284,10/28/92,14:56:21
1285,12/21/95,16:39:36
1286,3/26/82,9:50:35
1287,1/15/91,16:49:11
1288,3/3/04,15:57:59
1289,3/17/90,16:32:06
1290,6/22/08,4:04:07
1291,7/9/03,4:36:51
1292,11/10/93,18:05:15
1293,3/4/80,9:41:53
1294,8/14/13,9:19:51
1295,1/22/89,9:46:24
1296,7/22/83,19:54:48
1297,1/14/01,2:06:09
1298,11/26/01,10:00:53
1299,2/17/81,10:25:59
1300,10/11/00,23:17:11
1301,5/10/91,9:17:04
1302,11/29/06,10:57:45
1303,10/16/02,7:55:36
1304,12/5/99,5:58:06
1305,9/30/03,3:22:58
1306,7/9/02,23:38:07
1307,1/9/99,10:07:39
1308,8/13/83,15:05:25
1309,2/1/99,15:16:47
1310,9/24/85,12:19:55
1311,11/10/98,14:33:18
1312,3/1/05,5:09:38
1313,1/17/89,13:05:48
1314,8/9/95,23:52:29
1315,12/20/84,2:56:43
1316,3/12/04,2:58:47
1317,10/10/99,6:27:15
1318,6/16/85,19:07:35
1319,7/17/94,2:08:27
1320,5/7/82,11:18:49
1321,5/20/98,11:32:53
1322,5/17/10,23:22:49
1323,11/1/10,10:29:50
1324,10/30/06,15:41:48
1325,5/18/81,2:36:09
1326,10/16/11,23:25:42
1327,2/22/96,9:02:16
1328,11/19/84,18:08:16
1329,2/27/83,10:25:58
1330,3/22/82,11:53:41
1331,1/4/93,10:21:28
1332,6/19/03,0:23:28
1333,5/27/84,20:44:53
1334,12/10/04,22:31:25
1335,11/11/92,9:51:38
1336,10/8/85,16:52:37
1337,6/30/10,14:36:29
1338,9/3/00,17:58:53
1339,6/9/99,7:37:30
1340,3/20/04,5:18:06
1341,4/26/08,9:02:55
1342,10/25/95,6:22:50
1343,4/30/07,1:36:47
1344,5/21/11,9:23:27
1345,1/28/85,0:57:08
1346,8/29/98,8:42:41
1347,3/24/86,21:29:53
1348,12/3/96,20:40:56
1349,2/13/83,12:55:50
1350,4/6/90,16:04:08
1351,5/1/83,1:08:59
1352,11/27/99,0:57:46
1353,6/12/12,14:15:04
1354,7/17/80,14:02:14
1355,7/10/84,6:48:28
1356,12/20/81,22:48:18
1357,3/23/99,14:18:08
1358,8/1/92,5:03:39
1359,11/19/98,22:59:55
1360,8/21/09,6:18:59
1361,12/4/90,22:53:48
1362,6/16/82,8:28:54
1363,11/22/00,1:34:36
1364,5/30/00,2:34:16
1365,4/15/02,17:39:23
1366,2/10/86,23:10:21
1367,12/14/07,18:59:20
1368,4/20/13,21:08:29
1369,8/29/09,21:37:52
1370,7/2/81,8:45:56
1371,12/2/91,18:35:50
1372,6/1/10,16:24:53
1373,5/25/00,6:49:34
1374,12/18/11,7:37:10
1375,10/25/05,2:15:55
1376,3/16/03,17:18:11
1377,8/11/84,1:11:41
1378,9/5/87,2:11:57
1379,12/8/99,5:40:11
1380,9/22/85,9:36:01
1381,1/28/04,21:15:18
1382,10/16/98,15:20:45
1383,4/25/94,14:29:17
1384,11/3/97,23:37:44
1385,9/9/05,3:39:22
1386,1/11/04,23:39:47
1387,1/4/96,18:19:37
1388,4/8/05,17:08:07
1389,11/2/94,7:21:43
1390,5/23/05,21:59:29
1391,4/7/01,17:36:54
1392,1/17/13,6:36:59
1393,2/1/07,16:42:07
1394,9/28/13,3:32:52
1395,8/8/92,22:17:34
1396,8/17/07,0:50:47
1397,11/22/97,19:54:35
1398,9/3/90,1:38:37
1399,3/7/85,5:15:24
1400,2/15/87,1:59:41
1401,9/10/00,2:07:45
1402,1/16/97,21:06:10
1403,8/30/94,6:34:49
1404,7/3/11,16:07:35
1405,5/19/08,12:18:08
1406,6/6/97,0:47:25
1407,1/31/97,10:14:18
1408,3/10/05,1:57:03
1409,6/16/09,21:07:29
1410,8/13/84,20:18:46
1411,9/24/11,0:41:19
1412,8/7/84,0:34:38
1413,4/12/92,5:10:14
1414,6/2/80,3:15:34
1415,10/26/99,4:47:36
1416,7/1/13,21:26:21
1417,3/27/82,15:18:44
1418,6/8/97,1:29:09
1419,2/8/00,3:03:28
1420,10/8/00,12:23:31
1421,9/24/84,12:34:58
1422,10/14/84,7:30:49
1423,3/17/81,0:53:54
1424,4/12/86,7:01:02
1425,5/8/85,22:02:28
1426,4/1/98,11:28:46
1427,4/6/10,11:44:29
1428,11/17/05,1:04:07
1429,7/24/01,14:13:50
1430,9/19/89,11:05:00
1431,6/9/09,11:56:39
1432,6/28/93,23:39:29
1433,11/20/96,4:22:02
1434,11/28/87,4:51:50
1435,1/30/99,14:57:34
1436,6/26/83,4:32:04
1437,4/7/12,16:32:03
1438,3/21/89,16:39:12
1439,1/19/03,16:54:52
1440,6/30/08,4:12:47
1441,11/5/06,17:41:26
1442,2/16/10,21:10:57
1443,8/7/89,18:45:02
1444,2/19/07,17:15:56
1445,9/22/03,6:20:10
1446,1/19/88,18:08:41
1447,12/14/87,18:09:52
1448,4/7/07,0:29:43
1449,1/23/81,7:48:48
1450,7/31/95,17:32:37
1451,4/23/81,12:36:53
1452,11/14/88,4:39:38
1453,10/26/91,4:27:43
1454,5/21/12,17:28:57
1455,10/1/94,19:58:30
1456,12/7/88,10:01:47
1457,9/21/81,18:03:22
1458,5/28/80,11:33:24
1459,1/17/00,11:08:53
1460,5/3/82,9:05:56
1461,7/15/05,17:38:42
1462,8/24/09,0:59:39
1463,5/10/86,23:45:11
1464,8/26/00,9:21:41
1465,8/30/08,8:31:16
1466,8/26/86,17:51:42
1467,4/9/08,4:19:46
1468,7/14/93,19:20:11
1469,8/24/89,15:58:37
1470,3/17/92,5:46:38
1471,5/13/91,22:28:08
1472,7/30/09,22:31:06
1473,7/7/90,14:36:52
1474,10/30/13,21:12:54
1475,10/31/00,11:02:26
1476,8/25/02,6:35:16
1477,4/6/06,21:23:00
1478,7/26/10,9:39:44
1479,11/22/87,16:07:07
1480,8/30/83,23:38:43
1481,7/17/07,16:57:33
1482,3/1/92,6:07:31
1483,10/29/10,4:09:34
1484,6/11/96,11:01:21
1485,1/9/03,6:25:12
1486,6/7/09,15:18:17
1487,7/1/94,2:43:06
1488,11/14/84,15:22:41
1489,3/28/95,0:51:36
1490,6/8/94,15:09:56
1491,8/17/91,11:21:20
1492,1/1/08,11:37:27
1493,6/26/95,2:49:41
1494,6/4/80,9:03:15
1495,11/5/94,19:02:14
1496,11/4/99,3:21:20
1497,2/10/01,0:54:18
1498,8/22/99,2:19:44
1499,9/17/08,4:55:17
1500,11/10/11,18:19:20
1501,11/23/01,6:08:40
1502,12/25/85,7:21:48
1503,11/26/90,18:45:26
1504,4/4/91,14:59:12
1505,4/26/83,19:59:59
1506,8/12/96,17:48:55
1507,7/13/83,5:08:00
1508,10/1/04,3:28:31
1509,8/2/00,5:55:10
1510,10/28/81,9:16:47
1511,5/8/87,21:12:48
1512,3/21/81,11:02:48
1513,2/19/90,1:32:32
1514,12/24/81,3:08:40
1515,7/11/10,21:30:33
1516,10/28/81,15:15:04
1517,2/23/13,0:42:26
1518,12/27/01,11:20:47
1519,11/24/99,19:48:26
1520,5/29/80,11:26:50
1521,2/18/96,11:35:53
1522,10/3/95,9:03:02
1523,10/28/06,1:10:07
1524,6/1/86,4:09:08
1525,6/21/91,7:15:35
1526,12/19/83,20:44:22
1527,10/14/08,12:18:39
1528,12/9/97,17:46:48
1529,10/6/08,22:56:25
1530,10/25/02,16:06:35
1531,8/1/96,2:54:28
1532,6/19/82,1:26:33
1533,4/26/81,20:56:28
1534,6/20/10,0:28:27
1535,6/3/03,13:42:20
1536,7/9/95,7:20:22
1537,4/13/01,16:29:34
1538,6/5/09,10:54:05
1539,4/28/82,3:20:42
1540,12/12/95,0:14:53
1541,1/13/96,14:31:53
1542,12/20/01,4:23:16
1543,10/5/91,9:45:46
1544,7/7/87,14:03:41
1545,4/14/94,10:37:09
1546,9/3/03,21:47:51
1547,4/12/00,1:58:11
1548,12/12/02,6:14:00
1549,9/16/04,5:00:01
1550,5/30/03,4:12:07
1551,3/14/90,10:03:40
1552,9/10/01,15:28:00
1553,7/8/98,9:11:56
1554,9/12/08,4:16:07
1555,1/2/80,9:22:25
1556,6/10/06,18:48:08
1557,4/1/98,14:45:11
1558,2/8/84,18:56:22
1559,10/23/03,21:33:07
1560,11/23/02,7:48:00
1561,9/5/07,14:03:59
1562,2/3/11,21:55:39
1563,5/5/99,19:00:35
1564,10/9/81,4:42:55
1565,5/1/88,12:14:08
1566,7/15/89,7:16:53
1567,3/3/94,6:51:30
1568,1/14/10,17:36:04
1569,3/2/99,15:36:28
1570,12/21/98,13:02:12
1571,6/5/08,18:38:55
1572,9/22/02,5:45:59
1573,7/31/88,11:59:54
1574,8/9/87,23:46:16
1575,6/13/81,4:37:28
1576,1/24/87,15:50:36
1577,7/13/11,2:02:56
1578,7/1/97,2:23:22
1579,3/6/12,9:04:00
1580,7/25/87,12:05:30
1581,2/16/10,6:45:14
1582,11/8/96,16:16:45
1583,2/8/85,9:07:20
1584,3/20/88,5:01:21
1585,6/8/03,1:39:40
1586,1/11/06,13:40:57
1587,10/16/08,14:45:36
1588,7/5/01,4:30:51
1589,7/1/90,4:05:17
1590,7/31/07,10:33:39
1591,9/15/89,2:15:57
1592,5/19/86,15:41:30
1593,5/17/90,21:27:20
1594,5/8/85,17:07:26
1595,4/21/07,22:01:26
1596,8/19/90,6:59:37
1597,9/21/05,23:59:27
1598,12/22/90,3:03:54
1599,3/18/90,2:28:40
1600,4/19/86,10:51:12
1601,9/25/08,3:57:31
1602,7/24/82,14:21:26
1603,3/24/85,6:56:28
1604,2/24/01,5:13:28
1605,1/18/96,5:29:29
1606,12/6/98,6:34:44
1607,7/9/99,22:19:17
1608,6/18/93,4:27:46
1609,5/11/94,2:29:58
1610,8/25/92,3:19:47
1611,9/23/83,22:06:17
1612,4/18/08,6:09:30
1613,7/2/03,5:16:43
1614,1/31/12,22:35:21
1615,3/10/87,2:56:39
1616,8/8/93,5:29:47
1617,2/10/01,1:41:11
1618,1/13/07,12:55:28
1619,10/4/84,9:35:53
1620,1/15/83,23:54:47
1621,2/28/01,15:53:06
1622,10/1/97,13:54:12
1623,8/18/85,17:29:48
1624,9/2/10,12:51:50
1625,8/5/02,16:27:21
1626,2/10/02,22:50:12
1627,4/17/01,15:04:25
1628,2/2/94,1:38:01
1629,2/3/85,21:26:28
1630,11/7/82,22:16:19
1631,6/18/94,14:59:04
1632,8/11/93,20:35:30
1633,2/29/92,12:40:46
1634,4/16/03,8:15:58
1635,5/22/04,21:23:16
1636,4/30/07,19:22:40
1637,1/12/98,4:13:10
1638,6/8/10,13:13:03
1639,11/21/80,2:08:25
1640,11/8/00,18:46:39
1641,4/13/05,19:24:00
1642,3/6/06,3:29:10
1643,11/28/97,17:26:55
1644,10/29/00,3:35:51
1645,12/3/13,13:03:53
1646,4/16/02,11:33:41
1647,10/25/85,18:02:42
1648,3/22/12,18:26:12
1649,4/2/81,15:44:15
1650,9/22/96,10:31:56
1651,5/28/94,18:45:11
1652,4/8/06,15:16:33
1653,6/7/00,20:17:24
1654,6/2/87,16:43:35
1655,9/13/96,10:15:41
1656,1/30/00,6:07:57
1657,12/5/03,2:56:51
1658,9/2/13,2:06:09
1659,8/19/13,2:35:08
1660,10/9/92,9:38:43
1661,9/23/86,10:16:00
1662,10/6/86,11:04:42
1663,3/29/09,19:32:24
1664,4/9/84,3:14:07
1665,12/6/90,21:41:02
1666,2/10/83,14:10:26
1667,12/20/82,23:52:30
1668,9/21/92,19:12:53
1669,6/12/11,4:37:07
1670,6/26/80,18:42:12
1671,4/8/12,12:10:38
1672,8/27/87,13:23:41
1673,9/3/12,6:16:33
1674,10/10/04,1:14:40
1675,3/31/03,1:20:24
1676,11/7/80,4:24:15
1677,7/5/11,22:01:00
1678,1/8/11,20:19:04
1679,1/18/83,10:34:08
1680,12/10/82,18:42:14
1681,4/14/80,7:32:28
1682,12/26/06,17:44:35
1683,4/13/99,7:11:39
1684,3/5/83,5:11:42
1685,1/7/11,20:56:04
1686,10/4/99,4:16:09
1687,3/19/88,15:39:53
1688,10/13/95,16:28:10
1689,2/14/90,22:22:02
1690,4/19/11,18:24:26
1691,2/12/02,2:44:54
1692,12/7/05,10:39:01
1693,11/29/09,22:20:12
1694,10/23/12,16:04:34
1695,12/1/13,8:46:43
1696,9/28/03,4:08:50
1697,12/7/03,11:34:51
1698,4/23/86,9:21:29
1699,6/16/91,19:08:23
1700,2/17/93,15:27:17
1701,8/15/84,15:20:56
1702,1/27/87,22:23:45
1703,5/26/12,19:38:05
1704,9/22/96,5:21:36
1705,10/31/90,14:01:21
1706,8/21/01,4:22:27
1707,10/25/86,18:13:54
1708,3/6/10,14:05:17
1709,8/29/13,15:25:38
1710,4/26/85,17:50:16
1711,5/6/92,20:58:57
1712,1/19/05,19:16:01
1713,4/6/86,17:26:43
1714,9/10/08,23:07:20
1715,7/19/90,0:39:45
1716,9/27/08,15:33:45
1717,2/24/09,17:27:30
1718,4/18/11,21:23:18
1719,5/23/07,1:24:11
1720,3/10/88,15:31:17
1721,9/18/82,11:41:14
1722,8/2/10,11:01:37
1723,8/5/10,8:17:46
1724,12/28/02,6:00:37
1725,7/2/06,19:33:35
1726,10/20/83,9:18:19
1727,4/18/80,15:59:02
1728,6/28/83,10:48:49
1729,6/23/92,10:12:01
1730,1/25/92,14:14:48
1731,2/3/92,10:33:45
1732,9/8/85,23:49:33
1733,5/25/12,20:08:09
1734,1/4/04,3:33:19
1735,12/22/93,23:53:54
1736,4/17/89,23:09:57
1737,4/1/10,3:01:50
1738,10/31/90,4:46:13
1739,1/22/84,3:16:13
1740,11/15/97,13:18:11
1741,6/9/99,0:41:02
1742,10/12/93,4:27:28
1743,1/8/05,17:40:13
1744,3/11/08,7:27:35
1745,10/1/85,21:23:47
1746,3/31/07,5:38:41
1747,10/5/85,4:09:55
1748,5/3/86,5:56:43
1749,7/15/04,4:45:11
1750,7/1/84,9:14:10
1751,1/12/11,9:55:11
1752,11/21/82,6:48:22
1753,6/24/00,11:57:00
1754,10/21/93,9:28:41
1755,2/4/03,13:20:21
1756,12/4/85,19:57:03
1757,12/24/00,3:54:38
1758,1/23/89,5:57:56
1759,5/12/92,6:07:59
1760,6/24/85,1:40:23
1761,11/19/81,16:18:26
1762,12/12/94,1:56:49
1763,8/5/09,1:30:14
1764,7/4/94,7:46:56
1765,9/26/05,1:48:40
1766,8/3/88,22:53:13
1767,4/10/80,0:03:07
1768,10/16/83,10:11:06
1769,11/6/85,19:50:01
1770,3/12/98,22:27:29
1771,3/25/05,6:11:34
1772,9/13/85,8:46:21
1773,5/11/13,16:39:18
1774,1/23/09,17:01:28
1775,6/13/80,5:39:13
1776,3/15/93,10:35:21
1777,2/9/90,22:10:26
1778,7/22/85,5:06:58
1779,1/2/86,9:00:14
1780,11/13/86,2:15:58
1781,10/11/82,10:41:38
1782,6/10/02,7:51:42
1783,4/27/89,20:39:34
1784,3/30/02,17:27:57
1785,2/8/93,8:33:32
1786,1/22/94,9:17:38
1787,1/13/07,6:46:44
1788,11/6/99,9:26:43
1789,4/16/94,2:46:26
1790,7/16/87,8:46:40
1791,2/1/10,23:28:16
1792,4/9/82,22:33:41
1793,8/12/07,10:41:14
1794,1/16/88,2:03:43
1795,10/23/83,14:17:04
1796,7/12/96,7:36:27
1797,10/17/88,11:06:25
1798,8/14/12,14:29:37
1799,4/5/07,12:33:15
1800,1/27/97,14:12:48
1801,3/12/03,2:18:37
1802,5/26/08,13:06:24
1803,10/28/08,4:27:11
1804,3/28/13,18:58:27
1805,12/30/84,16:26:14
1806,12/28/90,3:49:08
1807,1/3/11,18:47:40
1808,3/29/06,16:31:28
1809,5/8/80,17:53:41
1810,3/28/05,7:20:49
1811,9/11/11,7:56:00
1812,5/1/90,2:41:31
1813,1/22/00,4:34:35
1814,12/17/92,11:24:00
1815,7/7/82,18:18:55
1816,5/7/84,20:34:18
1817,2/22/88,18:48:45
1818,5/24/97,8:11:30
1819,9/12/98,19:40:54
1820,8/24/09,11:32:31
1821,9/3/07,0:22:57
1822,5/21/99,19:50:47
1823,1/1/90,11:40:35
1824,6/19/12,18:43:35
1825,11/14/80,7:18:30
1826,8/24/04,15:35:50
1827,3/6/05,8:11:29
1828,6/18/83,9:31:05
1829,7/8/88,9:02:05
1830,4/20/08,22:32:37
1831,12/11/93,19:56:50
1832,1/13/02,9:41:25
1833,10/7/09,0:20:59
1834,8/4/82,21:02:29
1835,4/24/99,7:07:36
1836,7/20/85,15:34:57
1837,10/1/86,1:42:11
1838,3/15/80,4:41:34
1839,8/30/93,10:18:42
1840,10/13/12,9:16:30
1841,10/23/98,15:01:39
1842,3/5/89,6:02:51
1843,3/21/81,2:07:04
1844,4/20/08,11:17:31
1845,10/10/98,13:42:14
1846,6/5/95,0:58:30
1847,1/1/86,20:35:17
1848,7/20/99,0:03:06
1849,9/13/83,10:42:35
1850,11/3/98,6:15:25
1851,6/17/85,12:32:27
1852,4/19/94,8:50:24
1853,1/29/95,20:21:39
1854,9/21/02,4:43:57
1855,1/28/06,9:18:55
1856,8/16/07,1:27:08
1857,4/5/94,19:32:53
1858,2/23/07,13:07:33
1859,1/22/00,1:50:31
1860,5/29/12,12:54:53
1861,8/14/98,12:00:23
1862,8/24/09,21:47:44
1863,6/13/96,13:55:52
1864,1/25/96,3:01:38
1865,6/5/07,20:06:07
1866,8/16/92,0:54:00
1867,12/28/85,10:08:31
1868,12/21/88,5:14:02
1869,3/2/90,0:01:10
1870,8/25/12,17:54:19
1871,2/2/01,15:00:32
1872,3/22/06,1:04:35
1873,8/11/88,0:48:46
1874,8/15/93,4:47:52
1875,3/23/09,13:41:18
1876,5/12/01,7:46:58
1877,4/11/11,21:16:59
1878,3/19/89,23:49:06
1879,1/28/93,6:43:57
1880,5/16/02,17:01:36
1881,6/1/90,2:53:58
1882,1/6/96,2:32:10
1883,8/6/01,1:36:25
1884,7/27/81,12:21:09
1885,10/28/11,9:05:43
1886,2/2/87,21:18:58
1887,6/21/94,7:52:03
1888,4/10/94,0:50:36
1889,1/31/01,18:07:26
1890,5/17/84,3:20:50
1891,8/15/99,12:02:40
1892,3/21/83,18:08:13
1893,1/5/98,15:40:29
1894,10/22/92,3:02:53
1895,9/21/11,6:58:03
1896,1/27/86,13:54:19
1897,5/2/02,8:08:14
1898,5/26/92,14:02:59
1899,12/7/90,19:02:40
1900,6/14/11,20:16:34
1901,12/24/82,17:16:22
1902,8/25/04,2:23:54
1903,8/30/11,13:17:58
1904,8/29/85,23:14:48
1905,4/9/12,1:58:43
1906,6/10/94,18:43:27
1907,10/17/81,17:34:22
1908,4/26/02,7:08:49
1909,11/27/96,12:35:51
1910,5/30/99,16:23:37
1911,3/27/01,5:02:01
1912,7/24/10,23:18:13
1913,7/17/93,7:42:25
1914,8/2/92,13:29:04
1915,12/25/89,3:19:35
1916,6/21/89,11:04:17
1917,2/8/93,12:25:04
1918,5/29/12,2:07:25
1919,10/10/03,14:19:00
1920,6/12/97,1:07:27
1921,8/20/98,23:20:01
1922,11/3/08,2:14:05
1923,10/14/10,20:28:28
1924,11/17/11,18:39:47
1925,3/1/13,20:10:35
1926,12/16/80,16:28:34
1927,3/28/90,4:00:08
1928,1/6/84,13:30:23
1929,4/19/06,18:17:35
1930,5/16/09,2:13:37
1931,12/20/85,3:03:58
1932,11/27/11,3:24:41
1933,4/11/98,17:36:29
1934,8/12/09,9:40:27
1935,5/23/88,9:35:39
1936,9/22/92,18:27:06
1937,9/19/84,2:31:23
1938,5/6/99,9:52:51
1939,10/26/87,7:46:43
1940,3/25/88,20:43:44
1941,1/6/08,23:10:06
1942,4/8/12,18:11:47
1943,7/3/89,7:23:41
1944,6/10/85,20:47:52
1945,2/28/01,20:53:15
1946,8/2/08,22:36:38
1947,10/23/81,0:29:21
1948,8/25/00,3:51:48
1949,6/11/01,14:21:01
1950,2/10/85,6:40:44
1951,4/18/13,9:13:56
1952,4/17/92,10:55:42
1953,3/19/92,18:09:52
1954,4/1/87,21:53:38
1955,7/17/85,0:02:21
1956,5/11/02,22:16:55
1957,3/16/11,10:12:10
1958,8/17/05,8:57:41
1959,10/5/10,6:33:36
1960,10/19/86,22:23:05
1961,7/10/01,6:40:24
1962,8/2/92,12:38:33
1963,3/27/11,9:32:51
1964,11/1/08,16:55:15
1965,12/28/86,6:15:59
1966,1/7/99,4:59:32
1967,11/22/88,3:06:30
1968,2/23/08,1:20:41
1969,3/31/87,4:06:18
1970,1/31/03,2:14:07
1971,8/1/88,14:52:54
1972,10/24/12,15:52:44
1973,6/13/94,3:02:05
1974,7/1/13,15:48:17
1975,6/30/03,11:40:41
1976,6/13/10,8:00:51
1977,12/26/87,0:50:30
1978,12/16/02,9:22:09
1979,9/15/09,17:16:41
1980,7/6/85,9:45:14
1981,8/5/10,7:36:42
1982,6/3/83,23:24:34
1983,10/23/89,11:23:42
1984,12/24/02,13:33:23
1985,7/26/05,7:15:29
1986,3/5/05,3:16:40
1987,10/27/90,18:00:09
1988,6/13/12,9:29:53
1989,7/21/90,19:02:53
1990,5/23/88,4:12:28
1991,3/27/81,23:12:32
1992,12/16/06,7:09:30
1993,5/21/90,1:37:15
1994,9/30/81,11:55:08
1995,7/9/82,1:59:20
1996,6/29/96,20:28:23
1997,2/12/04,7:03:20
1998,4/8/99,22:16:36
1999,8/17/85,10:49:20
2000,4/16/09,12:58:21