1,7/6/95,10:39:52
2,7/30/80,22:24:31
3,12/14/91,2:11:10
4,12/8/09,4:28:09
5,10/29/89,16:58:48
6,6/11/02,7:20:55
7,6/11/05,10:41:40
8,5/1/07,2:22:11
9,10/2/95,10:17:26
10,10/31/13,17:11:41
11,4/27/86,20:21:30
12,12/10/86,7:27:35
13,11/20/94,10:47:24
14,9/13/83,22:31:04
15,6/15/05,22:11:50
16,7/18/94,9:26:49
17,2/14/85,15:13:47
18,5/15/00,21:32:30
19,12/1/86,10:38:05
20,7/21/94,9:55:23
21,2/5/93,1:28:46
22,10/8/02,2:22:30
23,6/22/89,1:43:34
24,10/14/09,14:51:28
25,7/26/87,8:34:27
26,7/15/06,20:49:36
27,12/3/91,19:51:14
28,6/10/08,1:34:18
29,8/26/95,9:14:43
30,3/24/90,22:10:31
31,1/15/11,0:08:26
32,7/11/04,14:19:35
33,1/23/02,23:24:07
34,5/28/92,10:47:05
35,8/2/83,9:35:43
36,8/20/99,21:02:02
37,3/29/96,18:59:53
38,11/5/02,8:22:59
39,11/21/13,13:47:54
40,3/5/81,18:47:58
41,10/16/86,18:39:30
42,10/25/94,2:08:43
43,9/15/02,10:05:17
44,10/22/01,5:14:17
45,12/3/90,17:38:34
46,2/1/94,1:45:48
47,7/9/83,0:58:51
48,9/11/04,19:16:54
49,3/29/11,13:24:39
50,8/8/08,1:07:19
51,7/8/97,2:26:06
52,12/18/05,17:23:08
53,5/19/80,8:18:15
54,11/5/81,20:02:12
55,10/20/85,13:07:58
56,10/30/11,14:33:45
57,6/2/09,19:02:15
58,6/24/80,3:02:50
59,9/23/80,9:25:49
60,6/11/02,14:14:42
61,7/9/90,4:30:19
62,7/8/03,10:58:07
63,7/11/88,6:38:05
64,6/7/97,0:08:05
65,11/21/82,11:41:35
66,5/31/85,5:41:42
67,12/2/98,7:16:34
68,1/12/02,2:39:14
69,9/19/99,8:15:19
70,7/9/00,20:32:51
71,4/12/88,9:09:31
72,4/18/82,23:39:11
73,11/7/87,10:17:24
74,5/20/99,17:42:42
75,12/1/03,3:22:47
76,5/28/81,21:50:41
77,3/22/90,6:33:04
78,7/17/98,1:55:31
79,10/15/81,6:45:37
80,9/24/85,23:30:17
81,3/20/80,3:03:04
82,12/31/06,13:53:47
83,3/6/12,15:59:09
84,1/6/11,10:20:30
85,3/1/90,9:21:45
86,9/27/85,5:24:19
87,2/26/01,11:27:06
88,8/26/07,21:09:27
89,6/22/95,3:20:49
90,1/10/08,15:27:58
91,6/10/86,12:06:13
92,8/23/86,19:54:15
93,9/7/89,9:13:50
94,4/23/87,7:09:33
95,7/23/93,18:12:31
96,10/17/90,1:38:21
97,8/28/07,19:20:16
98,4/27/85,2:31:04
99,11/28/99,3:09:56
100,2/1/00,18:11:44
101,12/15/12,21:02:23
102,2/10/03,18:53:36
103,10/25/82,19:13:14
104,5/4/82,5:23:30
105,7/30/10,9:28:10
106,12/2/99,14:58:09
107,8/23/96,18:26:20
108,9/6/11,9:12:41
109,12/23/01,13:33:22
110,1/16/90,1:49:45
111,10/29/85,11:33:36
112,11/16/03,5:15:36
113,10/30/01,13:51:39
114,11/27/09,7:58:16
115,5/11/91,19:21:14
116,9/28/06,1:16:45
117,6/7/83,13:54:33
118,8/19/08,3:25:15
119,1/15/92,7:07:18
120,6/17/02,14:43:04
121,11/25/83,14:44:04
122,10/13/13,13:01:21
123,11/6/86,11:26:42
124,8/6/94,7:21:43
125,12/10/90,12:12:54
126,7/9/05,1:22:35
127,11/29/12,11:27:28
128,8/22/87,9:17:47
129,9/13/96,10:34:02
130,2/24/84,19:46:00
131,11/25/12,14:27:21
132,2/19/97,3:33:16
133,7/24/84,17:23:01
134,10/25/96,17:24:46
135,8/30/96,23:41:26
136,1/16/89,4:34:30
137,9/1/04,4:24:18
138,6/10/97,21:11:39
139,9/20/00,1:48:53
140,8/23/84,16:51:45
141,1/9/95,19:31:22
142,3/3/11,20:23:10
143,10/28/11,9:05:37
144,9/24/10,11:43:55
145,10/15/03,0:40:05
146,8/20/86,19:42:55
147,6/9/04,8:22:18
148,6/26/95,1:00:38
149,12/13/01,6:07:24
150,7/15/97,6:28:38
151,9/11/93,18:39:16
152,5/10/98,15:37:35
153,5/3/00,22:59:10
154,2/26/05,20:49:25
155,11/12/85,8:19:39
156,10/24/06,4:39:58
157,9/24/95,15:28:55
158,1/7/99,5:25:41
159,7/29/81,14:10:49
160,11/15/11,17:24:26
161,3/2/10,23:37:20
162,1/27/11,9:20:02
163,6/5/93,14:21:14
164,7/18/82,7:34:47
165,8/15/05,11:49:57
166,8/10/82,6:01:28
167,2/26/89,22:48:45
168,2/3/80,7:34:51
169,3/1/91,19:41:56
170,9/21/97,21:57:00
171,12/10/83,13:09:09
172,12/25/84,1:58:39
173,3/3/02,23:30:14
174,12/19/03,5:14:17
175,3/17/13,21:30:30
176,5/7/00,3:04:43
177,10/31/03,10:51:54
178,5/11/13,17:31:47
179,7/6/84,4:58:00
180,3/14/12,9:50:20
181,2/22/02,11:11:06
182,10/8/12,10:10:43
183,4/13/08,18:48:16
184,1/8/83,20:18:28
185,10/10/90,0:25:14
186,2/18/07,17:46:24
187,7/5/00,20:56:19
188,2/12/92,13:24:58
189,12/3/90,1:46:29
190,12/3/05,11:56:18
191,7/10/97,4:17:39
192,1/27/95,16:22:11
193,3/24/02,8:39:48
194,10/7/08,17:10:22
195,12/6/91,9:50:43
196,1/8/08,8:36:45
197,8/28/94,17:56:08
198,3/4/88,3:57:44
199,7/5/87,11:45:15
200,2/29/00,22:15:10
201,5/30/05,1:03:00
202,5/12/84,18:09:30
203,6/13/13,22:08:58
204,11/18/87,1:04:23
205,12/22/95,20:31:51
206,6/15/06,1:34:51
207,3/2/07,11:21:58
208,12/19/13,23:39:26
209,11/3/10,13:35:07
210,6/19/00,9:36:33
211,10/30/00,2:29:20
212,9/5/92,16:44:18
213,2/15/82,13:42:24
214,5/11/95,0:00:21
215,4/12/03,11:50:37
216,7/10/84,1:18:26
217,12/18/04,4:22:02
218,4/30/88,19:32:32
219,7/1/94,4:51:52
220,12/30/84,12:37:16
221,7/19/02,8:33:59
222,8/27/09,4:32:53
223,12/21/10,0:22:01
224,1/24/80,3:32:43
225,1/15/86,9:25:47
226,3/29/02,23:18:10
227,5/8/98,15:31:32
228,4/9/87,21:33:05
229,12/4/88,15:13:55
230,10/14/92,15:41:44
231,5/31/02,3:49:23
232,3/28/80,19:54:43
233,11/5/81,3:22:23
234,1/1/03,3:32:55
235,6/11/89,23:38:30
236,7/21/82,1:42:45
237,6/20/92,13:32:42
238,12/17/95,14:46:49
239,9/13/98,0:41:08
240,10/24/07,13:00:58
241,3/10/92,10:18:03
242,3/16/05,21:03:35
243,12/23/06,6:23:01
244,5/7/93,12:07:28
245,9/11/91,5:48:53
246,2/8/03,8:42:32
247,3/18/03,13:16:03
248,2/2/04,13:16:48
249,2/24/86,7:00:28
250,8/11/86,11:36:36
251,12/29/84,1:28:41
252,12/29/07,12:18:55
253,8/4/07,8:55:14
254,1/25/06,11:43:43
255,7/16/03,5:48:49
256,2/14/89,15:59:29
257,5/26/96,14:48:27
258,12/25/99,6:50:07
259,3/22/91,8:53:44
260,11/13/86,16:07:40
261,5/9/10,18:42:54
262,4/9/08,8:09:13
263,10/4/00,3:48:16
264,5/16/95,1:47:44
265,6/10/99,0:33:00
266,12/15/80,22:07:15
267,8/10/91,3:05:04
268,1/16/84,1:28:30
269,10/14/82,2:52:55
270,6/19/88,2:01:45
271,10/14/96,18:36:58
272,7/29/95,13:28:22
273,4/16/85,17:35:31
274,4/8/88,6:37:40
275,7/25/81,22:09:23
276,5/4/80,6:36:08
277,12/24/81,7:58:53
278,11/1/94,17:05:08
279,10/14/13,8:25:44
280,6/23/08,7:11:08
281,2/11/13,16:33:11
282,7/7/07,6:42:51
283,5/22/84,11:01:17
284,8/22/05,2:00:27
285,9/30/88,3:22:05
286,11/22/90,11:17:49
287,11/26/11,0:28:56
288,5/19/13,16:57:00
289,11/9/82,12:42:12
290,9/6/95,0:54:06
291,3/17/83,6:49:09
292,10/20/12,10:13:22
293,11/18/09,19:05:25
294,3/11/82,23:59:54
295,8/26/04,1:21:11
296,4/23/01,6:06:33
297,5/29/13,2:30:21
298,12/5/80,8:15:39
299,5/3/83,10:04:23
300,6/15/82,18:35:51
301,6/29/94,3:29:08
302,11/20/93,0:07:06
303,6/4/89,5:24:38
304,7/27/89,4:14:36
305,4/12/85,1:41:22
306,12/23/88,2:08:58
307,1/22/98,7:58:06
308,11/13/84,3:11:30
309,10/29/80,2:22:41
310,5/23/12,0:14:21
311,9/24/85,2:36:25
312,2/7/96,10:44:07
313,4/6/80,14:16:16
314,9/19/93,14:02:50
315,4/21/11,7:25:45
316,3/22/84,22:10:03
317,5/5/89,2:03:04
318,8/5/04,12:15:36
319,9/22/11,19:36:44
320,2/27/83,4:32:08
321,11/1/07,20:03:19
322,1/7/10,16:50:54
323,9/18/88,21:56:42
324,6/22/87,18:31:01
325,11/26/05,13:46:24
326,1/6/08,15:04:22
327,11/29/84,15:06:56
328,11/22/93,16:03:04
329,6/23/00,6:41:45
330,3/14/13,7:38:46
331,10/8/00,15:25:52
332,4/7/80,18:51:41
333,10/28/91,22:03:06
334,11/8/85,5:15:37
335,3/4/10,19:04:16
336,3/14/83,23:34:53
337,2/22/13,15:58:48
338,2/5/10,21:20:24
339,11/29/12,13:16:25
340,9/15/90,5:53:37
341,4/29/90,5:35:20
342,11/4/91,10:46:31
343,2/7/86,14:13:13
344,6/10/81,11:18:51
345,12/11/97,4:25:31
346,2/12/86,18:57:01
347,7/3/87,7:51:13
348,8/20/00,9:20:17
349,3/13/98,2:03:07
350,12/6/06,6:32:21
351,4/26/81,9:03:25
352,8/24/01,4:46:09
353,7/23/00,13:32:24
354,9/29/06,1:36:37
355,11/24/00,21:22:41
356,8/4/87,15:21:27
357,3/17/11,14:18:50
358,10/28/05,6:47:21
359,5/6/83,17:27:37
360,6/21/99,14:12:41
361,5/14/02,2:29:10
362,9/18/99,13:51:01
363,9/18/02,11:54:02
364,3/8/89,19:00:17
365,10/1/96,4:54:00
366,6/14/99,14:09:24
367,3/24/91,17:36:48
368,5/11/90,19:59:37
369,11/2/85,15:18:16
370,10/18/83,10:37:12
371,4/22/99,11:45:41
372,4/2/82,20:08:09
373,2/22/88,12:38:45
374,4/14/09,1:21:10
375,2/23/99,1:29:50
376,12/31/93,6:32:54
377,7/10/04,5:10:56
378,10/23/89,11:07:19
379,5/31/08,13:43:41
380,9/16/09,7:15:51
381,8/23/92,14:30:31
382,5/27/03,15:25:51
383,6/12/05,14:44:31
384,1/18/95,19:57:27
385,10/26/08,15:58:09
386,4/19/05,3:24:39
387,8/14/94,9:17:00
388,11/11/09,2:18:46
389,11/11/03,14:12:29
390,8/11/84,18:11:49
391,4/24/82,7:54:49
392,12/15/01,13:54:34
393,1/18/03,9:59:10
394,4/19/82,16:20:27
395,7/23/96,17:28:51
396,5/29/82,15:03:24
397,11/26/92,19:06:00
398,11/7/03,18:25:09
399,12/9/82,12:11:03
400,12/5/86,14:31:51
401,11/5/13,22:04:23
402,1/17/93,2:39:28
403,3/11/10,20:16:28
404,2/8/88,10:10:48
405,1/19/84,13:31:39
406,12/17/93,14:47:18
407,6/7/84,7:56:00
408,2/7/00,9:19:15
409,10/1/13,12:18:14
410,2/9/12,18:10:30
411,10/16/92,8:22:59
412,10/8/93,8:11:54
413,9/11/09,13:52:07
414,1/15/89,11:42:47
415,7/6/06,18:08:06
416,4/15/91,8:17:44
417,8/18/13,21:01:10
418,4/20/95,7:17:59
419,4/17/81,13:04:36
420,4/8/84,16:55:12
421,9/12/82,16:38:24
422,12/21/11,22:28:45
423,7/9/86,12:06:29
424,6/25/98,9:31:04
425,3/20/00,19:48:45
426,5/4/91,0:53:26
427,1/31/91,10:31:53
428,6/7/03,19:26:20
429,9/17/93,7:29:07
430,11/14/87,14:23:29
431,12/13/86,7:20:46
432,11/18/92,23:26:06
433,6/29/92,5:17:41
434,12/25/92,23:04:28
435,7/14/95,8:33:29
436,6/11/83,7:39:55
437,3/14/05,8:21:59
438,10/9/86,7:08:46
439,2/17/08,23:12:39
440,1/6/02,23:21:00
441,11/15/04,14:52:42
442,12/12/00,14:34:58
443,9/12/12,23:18:13
444,3/18/03,1:53:16
445,6/24/84,23:45:43
446,7/8/09,0:12:01
447,4/29/88,22:07:02
448,6/2/97,20:19:16
449,7/9/01,23:03:08
450,6/28/06,5:22:05
451,2/25/86,4:40:08
452,7/23/05,19:09:04
453,3/19/88,5:46:59
454,10/28/85,22:20:52
455,7/25/92,23:03:26
456,5/17/90,10:22:09
457,3/19/01,13:20:01
458,1/12/80,20:07:00
459,11/14/07,11:09:48
460,4/21/13,6:26:44
461,7/21/09,18:14:42
462,11/6/05,2:31:29
463,5/26/97,12:59:21
464,11/23/83,8:20:30
465,11/26/84,13:02:02
466,5/30/06,23:37:39
467,12/5/85,6:19:02
468,8/9/07,8:57:57
469,2/9/90,8:33:59
470,5/31/11,7:22:30
471,4/3/91,8:05:39
472,11/3/98,5:14:13
473,6/13/88,22:40:34
474,8/11/10,4:50:33
475,8/5/96,20:38:22
476,1/28/97,22:59:47
477,5/8/84,21:57:35
478,7/2/88,6:04:39
479,6/9/94,20:24:22
480,11/5/10,13:05:23
481,10/18/96,16:40:05
482,5/10/84,13:33:26
483,1/28/83,18:20:23
484,4/14/05,11:41:49
485,8/27/02,19:26:11
486,9/28/92,4:53:29
487,4/10/98,9:35:33
488,1/21/81,8:00:10
489,4/6/11,21:08:53
490,5/26/06,19:21:00
491,3/3/00,14:34:45
492,9/30/86,15:28:10
493,9/10/03,6:41:28
494,1/1/88,18:03:28
495,10/8/03,15:28:23
496,1/18/05,16:41:34
497,4/2/86,15:12:08
498,8/30/87,2:34:46
499,3/15/08,11:30:08
500,9/11/96,6:03:24
501,9/18/13,0:48:41
502,3/11/88,11:31:06
503,6/16/98,20:32:31
504,6/7/94,15:31:33
505,1/16/91,16:14:06
506,2/28/83,6:13:35
507,8/12/95,0:52:01
508,9/5/00,10:52:34
509,1/4/89,8:20:31
510,12/24/04,13:37:45
511,5/25/82,20:27:09
512,11/16/86,21:43:50
513,6/14/88,10:22:10
514,2/1/13,6:07:29
515,7/24/83,17:41:55
516,3/9/96,2:51:49
517,5/3/83,18:01:55
518,11/22/96,23:30:06
519,5/19/86,10:12:07
520,2/12/92,14:57:02
521,3/20/07,3:18:36
522,5/6/02,19:13:53
523,1/5/92,11:11:32
524,2/18/83,15:34:09
525,7/29/93,10:05:23
526,5/19/97,16:51:44
527,1/19/09,13:31:15
528,11/2/02,12:58:48
529,4/20/89,11:38:59
530,5/29/07,18:36:07
531,9/5/00,18:48:39
532,7/24/09,14:34:25
533,4/28/96,21:07:40
534,2/16/00,1:16:24
535,4/10/06,6:30:24
536,10/4/81,5:58:23
537,4/10/87,7:02:43
538,3/18/80,21:35:10
539,1/1/91,17:59:14
540,1/19/06,9:25:27
541,6/28/81,2:31:03
542,1/27/98,1:24:43
543,5/18/98,22:21:13
544,10/5/08,5:46:05
545,7/22/83,10:02:53
546,8/22/96,18:22:40
547,12/21/84,4:50:31
548,10/23/01,0:32:14
549,12/6/87,17:00:31
550,3/9/83,0:10:34
551,4/21/90,9:49:09
552,8/21/92,11:13:00
553,9/30/12,6:08:45
554,2/12/86,20:42:55
555,2/7/84,14:49:27
556,11/1/05,23:21:13
557,6/21/98,10:31:53
558,12/2/09,20:04:47
559,12/29/02,8:16:31
560,12/7/86,3:06:59
561,4/1/02,23:11:54
562,10/31/02,20:36:06
563,4/28/93,16:54:23
564,6/28/85,4:03:53
565,12/28/86,23:35:00
566,7/24/91,0:30:48
567,3/1/06,15:32:39
568,5/31/93,18:30:21
569,10/21/87,1:47:31
570,7/26/95,8:58:59
571,12/10/81,23:20:40
572,12/11/03,7:32:15
573,1/29/09,9:00:02
574,6/27/93,16:52:52
575,12/22/08,14:42:44
576,9/25/92,4:59:25
577,3/30/95,5:12:43
578,2/16/02,10:22:13
579,12/30/02,12:30:52
580,4/3/92,22:59:20
581,11/2/95,9:58:23
582,8/22/83,6:14:32
583,12/16/08,11:07:01
584,10/11/02,8:02:13
585,5/12/00,18:24:27
586,9/14/83,0:19:16
587,2/17/87,5:56:26
588,11/7/83,22:16:17
589,5/30/91,16:42:52
590,6/19/88,0:40:38
591,10/5/12,13:59:48
592,12/1/87,21:52:33
593,12/31/86,15:49:53
594,5/21/12,14:01:03
595,1/13/08,3:01:37
596,7/28/81,16:37:30
597,11/22/98,11:14:58
598,5/6/06,21:54:22
599,1/22/08,15:20:04
600,4/29/80,15:47:40
601,7/22/99,18:40:11
602,6/15/10,11:18:54
603,4/25/96,22:26:13
604,11/1/83,21:02:32
605,3/23/89,8:52:22
606,10/24/99,19:26:37
607,2/4/91,23:41:12
608,9/28/86,9:27:58
609,1/10/82,19:57:05
610,9/27/93,17:41:51
611,4/26/92,10:37:12
612,7/29/96,2:07:27
613,10/12/97,9:11:00
614,7/11/86,16:34:47
615,10/6/88,6:37:54
616,5/19/05,10:15:56
617,1/19/02,0:07:45
618,10/7/87,14:17:21
619,4/18/88,8:05:40
620,6/8/89,10:49:23
621,12/5/09,18:12:32
622,5/5/88,18:25:27
623,1/21/87,11:47:51
624,9/30/09,21:44:16
625,6/22/08,0:58:58
626,10/12/97,6:29:13
627,7/28/91,16:58:21
628,1/18/96,12:42:04
629,10/26/84,18:13:15
630,5/14/02,7:01:55
631,6/3/95,20:27:37
632,10/18/84,2:03:10
633,6/3/99,13:40:51
634,4/12/80,10:25:31
635,10/11/93,20:32:46
636,2/4/99,2:13:24
637,7/16/05,7:35:45
638,6/9/12,0:04:44
639,1/7/02,8:22:37
640,12/10/93,12:40:32
641,11/11/93,0:19:10
642,4/3/87,2:44:53
643,12/7/90,7:10:13
644,3/9/07,16:49:37
645,5/2/00,23:12:41
646,12/29/06,9:46:51
647,12/16/03,22:21:42
648,7/26/00,18:56:20
649,2/4/06,3:51:17
650,4/29/98,20:02:40
651,12/7/95,5:46:22
652,8/11/93,8:49:55
653,11/27/01,19:30:06
654,9/12/92,9:19:12
655,6/12/90,13:14:33
656,12/11/09,19:18:13
657,5/10/02,7:36:24
658,9/24/99,17:09:25
659,6/12/12,22:32:38
660,6/11/01,4:20:34
661,7/19/12,16:39:52
662,8/27/01,7:40:58
663,12/3/11,14:10:36
664,7/4/85,14:38:44
665,12/23/97,2:07:49
666,2/16/90,11:11:40
667,12/15/02,3:01:42
668,8/23/07,2:36:54
669,11/14/86,19:59:05
670,1/14/98,20:10:48
671,6/8/98,12:21:04
672,8/31/03,14:16:02
673,4/11/09,17:33:21
674,6/2/11,2:56:43
675,8/15/97,11:24:07
676,2/12/11,8:12:43
677,8/9/04,7:36:15
678,5/29/90,8:04:36
679,4/24/89,5:39:40
680,1/25/92,15:55:50
681,4/10/11,22:45:42
682,8/26/97,18:25:39
683,7/30/08,22:48:39
684,10/19/03,18:48:07
685,7/16/96,15:56:42
686,2/20/07,7:08:41
687,1/23/81,11:54:17
688,6/27/12,1:50:25
689,8/23/87,18:50:35
690,2/1/11,6:39:46
691,6/9/95,20:59:06
692,6/30/97,4:41:28
693,2/4/04,17:42:28
694,9/28/09,9:49:47
695,6/25/09,7:24:50
696,3/2/11,19:24:11
697,11/18/94,0:56:15
698,4/24/97,1:00:31
699,8/3/86,15:26:14
700,12/16/95,7:56:36
701,1/15/91,21:05:48
702,11/5/03,21:40:52
703,3/31/91,18:06:46
704,9/9/10,1:17:05
705,3/20/00,14:46:10
706,6/2/91,9:24:58
707,8/17/86,5:48:32
708,10/5/95,2:10:00
709,7/5/98,2:52:20
710,3/10/85,16:59:12
711,9/29/08,13:31:38
712,2/19/95,6:13:28
713,9/11/81,17:14:58
714,10/21/96,2:17:20
715,4/14/95,20:34:22
716,11/8/13,12:13:42
717,3/6/87,11:53:52
718,9/8/92,14:37:05
719,6/12/99,6:59:13
720,10/18/87,1:17:48
721,4/17/84,13:09:18
722,2/17/05,16:42:40
723,7/9/98,21:29:07
724,11/21/07,3:14:51
725,3/13/95,18:54:27
726,8/11/01,2:05:18
727,5/22/86,8:51:25
728,1/28/99,17:40:17
729,6/27/84,17:23:04
730,7/9/92,7:38:39
731,1/7/09,3:17:11
732,5/25/82,22:06:57
733,12/18/96,7:35:08
734,6/20/88,6:29:44
735,6/7/08,12:12:47
736,5/29/97,23:14:16
737,8/5/80,21:52:48
738,11/9/08,11:45:15
739,4/6/91,15:58:51
740,12/6/04,12:53:18
741,7/18/07,16:54:18
742,9/19/04,13:55:55
743,7/13/01,22:09:03
744,8/9/87,12:29:37
745,12/26/84,7:12:53
746,1/9/85,19:55:41
747,2/6/82,3:27:37
748,9/24/99,1:43:26
749,6/22/80,8:14:06
750,12/12/82,4:04:15
751,1/14/11,0:17:58
752,2/11/82,9:24:10
753,11/1/01,23:50:05
754,12/7/81,17:26:30
755,6/24/01,5:27:58
756,6/15/95,10:09:31
757,1/29/97,19:57:58
758,10/25/80,23:56:05
759,2/21/04,21:41:45
760,11/6/93,20:58:59
761,7/21/07,18:52:58
762,12/30/02,4:14:13
763,2/5/83,12:22:43
764,6/7/05,7:14:08
765,8/10/95,1:52:45
766,1/27/81,3:56:02
767,2/23/84,0:06:39
768,9/15/06,22:09:15
769,11/1/94,23:00:34
770,7/28/97,1:16:12
771,6/30/88,14:46:31
772,1/5/10,12:33:57
773,6/13/83,12:39:21
774,9/26/04,17:35:11
775,11/23/02,1:13:48
776,11/10/10,4:42:22
777,9/10/09,3:04:30
778,1/24/81,4:46:26
779,3/27/11,9:39:29
780,1/31/02,0:17:49
781,1/6/85,14:29:31
782,1/8/12,14:28:08
783,9/16/02,7:23:08
784,1/1/12,8:21:57
785,5/30/92,22:05:41
786,12/6/01,4:01:16
787,6/6/94,17:13:33
788,12/17/12,12:33:12
789,7/6/88,1:32:46
790,8/16/90,21:12:07
791,11/27/10,18:26:34
792,8/28/83,1:24:11
793,5/27/06,11:19:04
794,2/12/87,4:37:45
795,2/3/92,8:46:56
796,10/21/93,5:01:43
797,2/28/85,11:15:37
798,10/31/80,1:30:50
799,7/16/88,1:46:44
800,11/8/94,22:02:53
801,7/21/81,13:38:06
802,11/9/08,20:26:21
803,7/8/90,1:53:29
804,5/25/04,8:53:42
805,9/27/85,15:55:10
806,5/18/09,14:20:24
807,4/2/03,10:59:37
808,8/28/89,18:22:18
809,12/19/93,12:22:55
810,12/31/83,1:47:43
811,12/26/95,5:02:04
812,10/13/07,18:20:04
813,7/15/82,2:16:38
814,8/28/09,3:12:54
815,9/19/06,6:33:12
816,2/24/06,18:58:55
817,5/7/82,10:46:11
818,11/20/80,18:50:26
819,4/4/85,12:34:04
820,12/3/93,11:03:07
821,11/11/10,23:30:14
822,8/16/12,9:46:04
823,12/30/86,20:08:26
824,2/18/01,2:09:01
825,7/10/88,11:57:56
826,5/13/01,16:31:08
827,10/4/05,3:34:21
828,9/11/97,12:03:22
829,11/3/10,12:33:13
830,9/14/86,1:37:42
831,1/13/04,23:44:16
832,10/24/00,2:37:53
833,3/12/00,18:35:57
834,4/5/90,22:52:10
835,11/23/97,16:24:44
836,5/16/89,16:33:48
837,4/8/01,18:07:01
838,8/29/81,0:58:45
839,11/7/92,10:45:43
840,8/2/90,2:53:29
841,8/29/91,15:15:27
842,7/5/85,7:54:36
843,3/29/09,4:56:23
844,12/27/03,17:17:11
845,6/24/08,14:13:52
846,12/11/11,22:55:25
847,7/24/00,7:21:07
848,9/26/00,21:03:52
849,1/14/04,0:36:57
850,4/20/07,3:06:10
851,7/10/03,6:46:07
852,6/10/05,13:13:11
853,5/13/04,0:22:50
854,10/6/12,6:33:53
855,8/6/98,22:40:05
856,4/23/89,15:26:29
857,8/1/82,19:14:57
858,9/9/89,10:22:35
859,5/27/92,19:41:44
860,2/13/05,15:06:09
861,4/8/05,22:21:53
862,7/12/11,1:29:18
863,2/24/11,3:00:49
864,1/24/13,23:55:56
865,9/22/91,13:40:29
866,12/16/80,15:30:10
867,10/3/89,12:49:10
868,5/31/84,14:36:21
869,8/30/85,11:32:15
870,5/23/06,2:16:29
871,4/2/00,11:14:10
872,10/16/82,7:33:53
873,9/4/10,5:15:15
874,9/21/11,8:56:24
875,4/6/08,21:09:15
876,6/9/11,1:02:10
877,6/4/91,22:27:07
878,5/4/97,4:36:46
879,11/20/97,21:41:32
880,1/24/92,0:33:44
881,3/4/10,15:30:31
882,2/14/10,6:03:35
883,5/15/81,15:06:59
884,7/5/88,9:53:33
885,9/14/96,4:36:17
886,2/6/89,13:20:00
887,11/14/92,3:36:06
888,12/9/89,14:40:14
889,9/30/06,3:15:14
890,11/6/98,11:58:03
891,3/20/01,16:41:48
892,6/21/02,2:16:42
893,12/21/84,7:15:18
894,4/21/97,8:39:11
895,12/11/95,17:03:39
896,5/23/04,9:07:01
897,9/3/05,22:20:47
898,2/18/10,12:13:42
899,12/24/96,14:34:23
900,12/25/92,9:19:44
901,5/14/02,23:57:19
902,8/21/86,20:28:55
903,10/22/89,19:57:37
904,5/18/99,18:26:47
905,11/5/07,4:24:20
906,12/3/12,12:03:40
907,6/6/04,0:16:58
908,1/7/94,19:50:16
909,8/26/90,13:02:50
910,6/18/00,21:03:54
911,12/29/92,21:01:12
912,7/26/04,22:57:35
913,11/20/88,7:19:39
914,10/31/13,14:07:58
915,12/28/98,22:23:52
916,4/23/06,14:53:27
917,1/23/82,11:40:34
918,3/17/13,3:10:38
919,9/14/97,20:49:58
920,8/20/97,6:32:27
921,10/17/87,11:13:19
922,7/28/93,10:56:38
923,5/19/94,2:21:35
924,1/29/01,8:59:58
925,10/12/07,18:15:29
926,9/5/81,8:18:34
927,5/22/99,18:22:54
928,5/16/85,19:47:32
929,5/6/98,6:57:25
930,11/11/10,19:01:06
931,9/1/02,8:23:46
932,7/30/88,20:28:35
933,11/4/85,0:31:49
934,5/5/94,3:45:26
935,5/25/92,16:49:21
936,7/8/10,1:39:56
937,9/21/08,22:51:15
938,11/7/00,4:09:56
939,2/22/80,20:30:08
940,7/17/02,11:53:58
941,6/10/10,16:00:05
942,9/30/99,20:21:49
943,5/30/02,19:56:52
944,7/11/91,4:21:37
945,10/31/81,20:49:42
946,10/18/10,16:32:35
947,11/16/81,1:53:06
948,10/14/08,11:35:42
949,10/14/09,5:37:34
950,1/23/92,23:52:24
951,3/9/13,11:30:07
952,1/16/81,14:24:39
953,2/28/94,21:23:34
954,5/3/96,7:43:33
955,3/10/93,21:08:40
956,4/4/88,7:53:00
957,5/19/83,2:20:46
958,5/30/02,20:52:16
959,9/22/84,22:07:47
960,1/4/99,10:45:11
961,3/12/92,3:33:16
962,10/7/09,7:45:38
963,9/1/81,11:55:08
964,5/30/82,16:58:31
965,3/24/03,12:54:04
966,8/17/98,11:26:43
967,10/4/11,5:36:12
968,6/20/05,18:51:16
969,11/4/93,12:40:54
970,1/27/96,0:55:49
971,7/13/11,12:55:52
972,2/11/80,0:01:07
973,3/21/93,23:52:10
974,9/25/91,4:19:57
975,2/8/83,4:38:08
976,4/5/93,20:35:58
977,4/12/85,8:06:41
978,11/14/02,22:38:41
979,10/26/96,5:13:26
980,12/27/99,10:57:28
981,7/21/82,17:50:58
982,7/8/92,15:28:10
983,6/30/06,13:23:14
984,1/6/83,16:40:33
985,1/3/82,14:51:38
986,6/25/83,14:40:50
987,7/27/13,5:39:59
988,2/13/13,19:06:56
989,7/11/12,16:19:48
990,11/26/01,4:13:41
991,1/24/85,12:27:20
992,9/7/09,22:55:26
993,3/12/01,16:52:47
994,9/25/97,17:22:27
995,8/19/96,11:59:20
996,8/31/86,15:26:32
997,8/16/80,1:01:59
998,5/10/87,4:17:32
999,5/11/10,7:54:32
1000,4/15/07,0:59:43
1001,5/10/97,22:33:38
1002,4/15/02,5:56:29
1003,7/14/92,3:11:29
1004,2/19/81,17:51:14
1005,10/20/95,13:41:22
1006,4/11/82,17:40:01
1007,10/31/97,8:25:45
1008,8/1/96,5:59:27
1009,11/4/13,16:27:18
1010,9/2/86,15:14:22
1011,12/16/86,1:27:40
1012,5/14/13,8:46:35
1013,3/31/90,10:41:54
1014,7/14/98,16:05:03
1015,8/6/04,12:53:17
1016,12/27/04,19:40:39
1017,7/16/88,19:31:30
1018,6/12/92,19:42:06
1019,4/3/97,4:05:47
1020,10/25/07,15:10:38
1021,10/2/84,1:04:25
1022,8/25/11,6:12:31
1023,2/1/93,1:03:01
1024,9/19/90,14:36:43
1025,12/12/86,2:29:36
1026,1/20/94,2:15:36
1027,6/27/04,4:17:41
1028,10/3/05,18:34:11
1029,12/28/03,8:21:00
1030,12/23/08,16:50:33
1031,10/12/03,10:39:06
1032,3/5/96,7:32:33
1033,1/8/13,5:28:44
1034,9/14/83,8:08:23
1035,9/17/13,8:55:46
1036,10/13/85,12:56:16
1037,11/21/88,18:00:33
1038,10/16/86,14:07:24
1039,6/6/93,1:46:20
1040,6/17/90,0:07:32
1041,9/6/89,20:58:04
1042,6/7/98,1:26:15
1043,3/2/80,19:53:50
1044,2/16/10,18:03:20
1045,12/16/96,23:24:40
1046,4/13/03,22:55:21
1047,8/14/01,12:53:34
1048,3/31/98,18:03:36
1049,3/26/09,7:30:34
1050,1/16/09,0:38:28
1051,8/25/90,14:26:15
1052,5/23/96,22:59:37
1053,6/22/93,6:52:32
1054,10/11/89,12:44:15
1055,2/5/90,19:44:19
1056,7/23/92,5:08:19
1057,5/16/88,10:19:35
1058,5/1/91,8:23:50
1059,3/1/84,10:30:13
1060,7/25/97,3:54:40
1061,11/18/98,17:46:27
1062,11/12/13,6:00:33
1063,7/6/09,10:16:35
1064,11/12/83,7:34:25
1065,4/22/95,11:55:19
1066,7/24/06,14:28:01
1067,8/18/84,9:57:29
1068,9/27/12,5:31:08
1069,6/20/04,17:37:34
1070,8/6/09,22:04:23
1071,5/12/05,23:58:50
1072,9/30/10,5:25:40
1073,12/11/05,6:25:05
1074,9/12/95,11:40:10
1075,9/5/13,21:12:05
1076,2/21/12,20:21:25
1077,2/27/11,16:49:51
1078,10/31/80,20:41:34
1079,4/13/09,10:14:28
1080,7/11/13,0:58:01
1081,11/20/12,13:25:32
1082,11/14/09,16:19:33
1083,9/7/94,6:33:49
1084,9/23/92,20:10:53
1085,8/6/91,4:25:23
1086,11/15/84,7:15:57
1087,3/24/92,1:25:37
1088,12/31/81,0:30:26
1089,9/9/03,3:21:49
1090,10/20/07,0:44:51
1091,1/28/92,4:37:42
1092,11/28/84,13:18:00
1093,4/11/91,19:15:32
1094,6/7/08,13:20:59
1095,3/24/85,16:30:29
1096,12/13/89,22:04:05
1097,11/19/81,9:37:17
1098,7/4/93,18:10:15
1099,12/11/93,4:39:53
1100,11/19/89,15:06:59
1101,9/14/13,10:15:45
1102,3/31/96,1:08:26
1103,12/2/87,16:28:17
1104,4/19/91,15:47:38
1105,1/28/80,9:03:11
1106,11/29/82,11:24:53
1107,1/10/90,10:01:17
1108,2/20/08,14:47:18
1109,5/25/98,14:20:09
1110,1/25/96,22:30:28
1111,6/21/84,21:14:42
1112,4/4/05,2:29:42
1113,12/25/93,13:18:16
1114,11/21/83,17:31:18
1115,5/21/03,13:21:01
1116,11/6/91,2:03:37
1117,5/10/06,12:44:57
1118,11/6/94,16:20:42
1119,7/3/87,3:47:23
1120,5/21/86,5:32:55
1121,4/23/97,23:28:57
1122,5/17/05,19:21:26
1123,5/9/11,4:21:23
1124,8/8/13,10:11:55
1125,1/19/86,20:45:58
1126,3/28/97,23:30:58
1127,3/28/80,16:13:27
1128,5/2/89,2:35:27
1129,4/26/07,13:02:24
1130,4/27/03,9:45:23
1131,10/16/80,5:03:30
1132,5/2/95,1:09:04
1133,1/25/09,9:18:41
1134,3/27/12,0:27:17
1135,3/7/87,3:22:44
1136,3/27/81,9:06:59
1137,2/19/09,19:11:01
1138,2/24/94,14:45:47
1139,5/24/94,3:55:30
1140,5/1/89,11:43:34
1141,10/24/92,13:05:03
1142,1/8/97,7:01:47
1143,8/28/91,14:38:51
1144,8/18/93,2:01:35
1145,2/12/09,20:25:27
1146,5/3/00,14:06:32
1147,12/6/83,17:43:02
1148,5/12/99,7:58:43
1149,4/23/89,4:37:55
1150,3/26/89,3:32:54
1151,12/1/03,10:42:33
1152,9/20/99,14:26:13
1153,8/7/06,3:14:00
1154,5/19/80,22:48:57
1155,10/5/04,6:28:26
1156,4/1/00,4:06:02
1157,10/9/93,14:11:35
1158,1/8/97,0:05:03
1159,9/17/83,2:09:23
1160,6/17/94,23:31:32
1161,10/11/13,12:10:45
1162,3/16/81,15:07:45
1163,2/12/01,2:46:18
1164,12/16/90,6:24:46
1165,12/5/12,3:08:09
1166,7/22/05,4:59:02
1167,3/19/13,14:34:36
1168,11/29/03,22:05:43
1169,11/29/93,9:59:57
1170,8/10/02,11:11:52
1171,12/30/03,2:40:53
1172,1/3/92,2:50:55
1173,10/12/99,4:23:12
1174,8/1/07,8:19:51
1175,2/4/08,4:25:42
1176,11/25/89,22:20:37
1177,3/9/94,19:09:35
1178,2/6/90,13:45:29
1179,12/6/81,17:39:45
1180,3/2/98,9:27:18
1181,5/13/89,10:02:05
1182,2/10/93,7:37:08
1183,9/9/83,6:06:31
1184,6/7/11,23:55:17
1185,7/23/94,13:39:37
1186,7/23/86,5:03:10
1187,6/23/92,23:40:19
1188,1/16/86,4:20:28
1189,9/4/88,13:50:25
1190,10/19/99,1:48:43
1191,1/18/89,9:27:57
1192,4/7/00,8:39:55
1193,4/6/87,7:01:07
1194,1/28/99,20:57:08
1195,12/11/80,3:27:28
1196,5/8/94,14:31:17
1197,4/4/01,18:01:17
1198,2/21/81,15:47:52
1199,5/15/81,8:49:25
1200,8/2/88,18:28:34
1201,9/10/97,19:39:15
1202,4/22/80,11:47:32
1203,2/6/00,2:47:10
1204,12/7/81,14:01:16
1205,9/29/11,14:21:53
1206,2/8/88,9:25:26
1207,7/17/04,14:26:37
1208,8/22/97,7:36:24
1209,5/17/85,5:34:37
1210,6/14/87,20:20:37
1211,8/27/08,17:56:07
1212,9/1/97,17:01:27
1213,5/4/03,15:20:02
1214,7/11/85,12:49:23
1215,6/3/10,18:53:04
1216,3/11/97,18:29:38
1217,8/18/82,19:00:17
1218,6/8/03,20:56:35
1219,4/20/88,7:40:17
1220,7/1/80,8:17:52
1221,3/1/89,10:24:05
1222,2/19/90,8:19:17
1223,5/27/11,20:41:03
1224,3/18/81,2:44:38
1225,12/19/89,16:56:26
1226,7/6/05,17:27:28
1227,11/8/00,5:32:59
1228,9/5/08,23:35:42
1229,7/18/89,13:32:51
1230,5/7/80,21:59:58
1231,12/13/98,7:44:55
1232,5/4/98,23:38:45
1233,4/15/10,20:16:28
1234,3/16/06,13:55:20
1235,6/7/06,6:40:50
1236,4/9/81,10:35:52
1237,4/12/05,23:50:49
1238,7/1/12,10:13:44
1239,10/9/93,18:08:17
1240,7/10/91,0:49:04
1241,6/8/88,7:43:47
1242,7/15/96,4:51:21
1243,10/8/08,9:53:08
1244,11/16/09,23:40:51
1245,8/7/09,16:41:07
1246,4/5/05,22:52:44
1247,11/16/05,23:17:53
1248,1/18/97,16:07:16
1249,8/7/09,9:27:03
1250,8/24/12,22:19:44
1251,6/5/12,0:49:38
1252,3/6/93,2:31:04
1253,2/7/01,17:27:13
1254,1/24/98,5:29:48
1255,5/24/84,2:30:33
1256,7/7/99,6:08:25
1257,3/7/92,6:38:10
1258,9/28/01,12:52:27
1259,7/14/92,0:10:47
1260,5/16/93,22:25:18
1261,8/10/12,20:42:56
1262,5/28/95,22:21:12
1263,6/28/97,19:24:17
1264,5/2/12,8:59:29
1265,4/30/82,1:05:24
1266,4/23/12,20:38:35
1267,9/20/91,14:45:42
1268,2/16/84,16:39:01
1269,6/18/84,4:32:31
1270,4/17/02,21:21:45
1271,7/20/94,9:08:50
1272,1/30/81,17:24:32
1273,6/1/91,19:01:45
1274,9/12/90,1:57:19
1275,11/22/11,1:38:44
1276,7/31/93,22:40:30
1277,5/5/99,8:47:23
1278,12/27/07,14:20:27
1279,7/27/89,4:42:41
1280,1/19/99,7:12:09
1281,5/26/13,7:35:59
1282,1/27/80,20:51:13
1283,3/11/13,21:50:38
1284,7/11/11,6:26:06
1285,3/8/95,18:54:24
1286,10/28/02,5:19:39
1287,9/3/99,2:27:40
1288,3/5/04,12:01:18
1289,7/10/12,0:10:34
1290,9/29/02,21:41:11
1291,4/9/92,19:14:29
1292,9/5/08,18:55:49
1293,4/15/11,9:10:33
1294,6/17/90,15:07:28
1295,2/15/11,3:59:44
1296,3/4/81,3:56:51
1297,6/9/95,2:03:47
1298,2/15/88,12:44:29
1299,6/30/80,2:47:13
1300,7/30/87,16:43:36
1301,12/25/06,12:19:18
1302,2/15/89,14:21:29
1303,10/18/12,3:27:22
1304,11/4/12,0:07:02
1305,3/24/85,18:57:16
1306,11/25/00,6:50:24
1307,5/3/03,3:00:53
1308,11/30/84,21:40:02
1309,5/8/98,18:09:21
1310,6/28/96,23:59:46
1311,5/9/88,9:58:37
1312,5/5/94,14:46:03
1313,5/27/82,13:27:28
1314,11/17/98,13:53:13
1315,7/17/81,9:06:53
1316,11/7/13,5:59:18
1317,5/30/96,13:34:01
1318,4/13/93,6:11:16
1319,8/7/07,9:33:10
1320,5/12/90,7:31:43
1321,10/28/90,6:24:20
1322,8/21/89,9:03:53
1323,10/10/03,14:33:18
1324,3/8/86,21:47:59
1325,2/8/96,21:07:46
1326,2/1/90,9:02:56
1327,4/18/98,1:36:47
1328,12/23/80,10:18:56
1329,10/23/86,10:32:00
1330,3/13/04,14:21:53
1331,3/20/12,23:19:04
1332,1/26/92,5:07:41
1333,11/18/05,9:09:49
1334,6/11/85,8:00:04
1335,7/5/94,10:43:07
1336,8/26/91,5:26:11
1337,11/23/08,12:24:14
1338,10/9/10,15:04:10
1339,7/16/85,14:23:20
1340,3/7/85,15:54:07
1341,12/2/80,17:28:34
1342,10/29/88,20:29:13
1343,5/19/92,0:06:08
1344,2/13/13,6:12:29
1345,5/16/95,0:31:54
1346,12/31/91,23:35:42
1347,6/9/02,2:35:09
1348,10/31/03,19:38:49
1349,1/25/08,10:03:51
1350,5/2/89,23:26:06
1351,10/26/08,22:42:54
1352,4/23/13,10:36:28
1353,7/28/92,9:53:21
1354,8/10/85,8:46:17
1355,9/23/91,5:29:58
1356,8/6/02,6:25:39
1357,1/30/89,13:02:28
1358,5/12/93,15:59:43
1359,4/16/91,17:18:48
1360,5/31/86,16:45:08
1361,12/14/95,2:57:48
1362,1/30/11,12:29:11
1363,6/1/12,10:10:48
1364,3/27/06,5:12:23
1365,10/4/89,17:30:24
1366,5/24/01,23:55:07
1367,4/28/95,17:28:00
1368,11/9/10,21:03:40
1369,12/14/13,9:23:44
1370,11/18/10,2:00:35
1371,12/14/99,4:11:22
1372,6/19/89,23:45:11
1373,11/22/96,4:00:12
1374,8/24/96,8:14:23
1375,11/7/07,12:19:19
1376,11/4/83,23:02:43
1377,8/22/08,17:41:03
1378,5/5/07,13:00:32
1379,9/30/01,17:24:21
1380,7/10/88,9:06:38
1381,3/11/99,10:30:41
1382,12/16/10,0:50:00
1383,8/24/08,16:01:54
1384,10/31/94,10:49:59
1385,11/23/87,13:33:34
1386,7/20/97,18:00:05
1387,1/16/09,14:27:31
1388,1/29/09,13:50:34
1389,5/20/88,5:33:54
1390,7/21/07,9:50:13
1391,8/20/96,19:28:59
1392,11/24/03,21:20:16
1393,4/22/88,6:00:04
1394,6/17/94,16:18:29
1395,5/28/11,0:14:49
1396,6/27/12,22:32:22
1397,10/7/05,16:53:31
1398,7/22/94,15:46:14
1399,7/30/04,23:14:47
1400,3/20/00,10:48:01
1401,10/3/08,21:23:04
1402,9/15/01,13:11:48
1403,10/28/98,7:09:07
1404,4/23/83,11:34:47
1405,1/11/97,12:11:31
1406,9/17/03,1:12:45
1407,12/20/02,16:49:26
1408,4/12/05,15:24:32
1409,4/26/05,14:28:40
1410,11/1/04,0:55:41
1411,3/25/80,20:55:05
1412,3/19/10,13:16:14
1413,3/14/99,15:40:00
1414,3/9/97,12:22:49
1415,9/28/00,22:15:11
1416,10/1/06,5:53:54
1417,11/22/90,6:24:12
1418,11/6/88,8:05:53
1419,11/15/91,14:26:33
1420,1/17/09,23:10:21
1421,9/19/86,21:14:56
1422,5/18/98,8:21:23
1423,1/1/92,14:33:00
1424,2/20/00,13:54:20
1425,1/26/96,11:19:55
1426,7/23/05,15:22:00
1427,2/3/94,14:26:40
1428,5/31/95,12:45:50
1429,12/4/94,3:08:27
1430,2/19/04,22:28:30
1431,8/7/80,17:06:26
1432,11/26/81,20:46:57
1433,6/7/11,12:44:24
1434,8/23/12,6:51:33
1435,2/14/80,3:57:36
1436,10/17/01,0:28:44
1437,4/17/83,10:38:56
1438,7/21/82,18:19:28
1439,1/15/12,4:11:03
1440,6/20/88,6:06:39
1441,5/25/06,11:40:47
1442,2/21/03,1:29:21
1443,4/7/02,14:15:23
1444,10/21/90,6:58:23
1445,6/21/10,23:32:40
1446,2/5/03,8:40:18
1447,7/28/85,11:46:40
1448,5/19/04,12:51:52
1449,4/10/95,5:26:10
1450,10/18/86,18:11:07
1451,10/19/12,10:37:25
1452,10/31/05,6:25:01
1453,11/15/91,15:44:46
1454,7/14/09,5:07:49
1455,2/22/00,17:33:53
1456,1/8/04,17:38:11
1457,9/8/00,4:05:28
1458,3/8/95,6:46:56
1459,5/1/81,9:32:33
1460,7/11/89,9:23:44
1461,3/5/91,14:54:52
1462,4/10/99,10:47:14
1463,10/14/86,16:38:36
1464,3/21/95,18:58:39
1465,5/2/90,19:54:45
1466,12/8/12,19:48:06
1467,1/11/07,8:50:08
1468,4/11/92,19:48:47
1469,9/1/05,21:06:08
1470,5/2/09,8:03:39
1471,10/6/84,10:38:53
1472,9/30/91,0:56:07
1473,12/30/94,17:26:53
1474,12/4/85,19:38:09
1475,8/6/11,7:24:41
1476,9/7/80,12:18:34
1477,4/17/03,23:06:47
1478,1/24/94,11:50:49
1479,11/4/81,2:32:51
1480,10/13/82,6:47:17
1481,10/26/89,7:57:18
1482,10/18/01,15:36:51
1483,5/9/93,16:38:16
1484,1/7/87,19:04:27
1485,3/1/11,7:54:25
1486,7/12/06,4:17:41
1487,8/20/09,11:57:36
1488,3/10/89,22:57:23
1489,9/13/99,14:30:54
1490,8/1/06,1:12:26
1491,8/20/82,13:06:06
1492,1/28/87,0:25:08
1493,10/20/00,9:27:27
1494,8/9/84,1:38:31
1495,7/21/89,20:07:14
1496,3/23/95,21:24:04
1497,6/25/01,13:20:21
1498,4/5/94,19:08:07
1499,5/12/87,8:55:01
1500,3/28/97,23:50:32
1501,4/15/83,2:37:50
1502,12/15/86,20:16:18
1503,3/6/85,16:48:59
1504,7/13/10,8:16:52
1505,5/28/01,10:58:44
1506,11/27/07,14:58:28
1507,8/28/13,13:51:46
1508,4/20/11,21:16:51
1509,4/8/02,19:22:57
1510,10/29/10,19:02:36
1511,11/30/80,13:47:04
1512,5/6/92,2:40:52
1513,7/14/08,3:20:53
1514,8/11/99,11:25:36
1515,6/27/93,9:56:00
1516,3/27/91,1:30:51
1517,7/30/12,22:16:34
1518,3/21/82,23:30:19
1519,7/10/93,20:10:17
1520,5/30/12,14:37:52
1521,9/27/90,23:39:43
1522,11/11/86,9:46:24
1523,8/29/93,4:09:18
1524,3/8/91,20:46:47
1525,9/7/86,20:55:01
1526,12/2/10,13:06:09
1527,6/16/87,23:16:45
1528,1/16/04,19:01:33
1529,8/20/84,8:30:52
1530,3/23/01,13:28:57
1531,2/12/03,15:20:34
1532,7/1/93,10:55:41
1533,12/12/95,9:00:59
1534,10/18/81,10:04:31
1535,8/8/80,2:56:55
1536,7/19/80,2:00:50
1537,7/29/04,14:38:38
1538,7/21/80,13:53:17
1539,6/22/95,4:34:18
1540,3/10/01,2:57:19
1541,5/22/98,3:00:28
1542,5/2/09,7:13:58
1543,8/22/06,8:13:29
1544,7/7/95,10:48:01
1545,4/2/13,1:15:25
1546,12/29/02,1:26:58
1547,2/5/88,8:39:34
1548,7/8/80,12:48:33
1549,3/15/99,4:31:54
1550,11/9/97,13:16:47
1551,4/11/90,0:36:58
1552,7/2/05,5:15:50
1553,10/6/86,10:27:57
1554,7/28/81,2:46:09
1555,12/9/04,1:20:56
1556,9/24/97,22:02:59
1557,10/30/10,4:27:29
1558,11/24/87,9:01:18
1559,1/28/85,16:18:29
1560,11/10/02,6:29:57
1561,4/12/99,12:21:30
1562,8/31/05,12:04:54
1563,3/5/99,2:43:08
1564,6/30/81,1:01:11
1565,11/22/90,21:55:23
1566,11/4/06,23:14:43
1567,8/27/87,7:57:16
1568,4/20/90,6:51:39
1569,4/1/95,4:07:36
1570,5/14/03,23:29:19
1571,4/27/84,4:18:54
1572,11/1/86,9:29:37
1573,9/3/94,12:09:27
1574,1/24/98,2:40:02
1575,12/4/86,9:27:23
1576,5/10/95,22:43:30
1577,6/26/88,0:44:01
1578,2/18/02,2:27:58
1579,1/8/85,7:48:59
1580,3/3/12,16:47:25
1581,10/11/10,18:52:37
1582,8/18/93,15:17:03
1583,3/15/85,20:57:51
1584,2/28/07,9:27:50
1585,10/26/04,21:01:50
1586,9/3/91,13:58:26
1587,1/17/02,10:57:20
1588,11/17/13,19:35:24
1589,1/22/00,17:22:47
1590,6/23/84,15:33:49
1591,4/6/81,14:00:47
1592,6/1/99,17:10:53
1593,7/2/97,10:43:09
1594,4/7/94,12:34:28
1595,8/17/07,8:45:36
1596,7/12/13,5:47:05
1597,5/27/85,19:30:49
1598,5/6/06,9:10:56
1599,6/11/86,8:50:57
1600,8/16/12,22:35:25
1601,1/19/87,11:42:24
1602,11/8/02,14:50:33
1603,1/15/89,18:50:21
1604,3/10/91,1:08:34
1605,7/8/98,9:06:35
1606,4/8/12,17:40:03
1607,10/10/91,23:05:41
1608,11/14/85,16:02:57
1609,8/28/99,22:55:01
1610,2/7/99,17:54:47
1611,7/15/93,4:11:56
1612,9/22/07,22:11:36
1613,9/25/12,17:48:42
1614,2/8/84,5:44:21
1615,2/20/88,3:50:19
1616,1/26/04,4:34:46
1617,11/15/08,15:04:46
1618,7/18/95,8:43:28
1619,12/31/88,14:19:32
1620,10/23/04,7:19:20
1621,10/15/86,7:47:42
1622,7/20/10,17:29:10
1623,9/2/02,18:00:02
1624,6/2/11,10:26:37
1625,3/16/83,16:03:51
1626,10/5/90,16:23:34
1627,12/18/04,3:15:14
1628,11/13/12,19:10:47
1629,4/25/86,7:29:49
1630,3/17/04,1:00:00
1631,5/6/00,12:27:07
1632,4/28/91,6:21:31
1633,4/14/96,14:54:13
1634,9/8/93,23:23:47
1635,5/13/83,22:06:54
1636,6/18/81,1:04:45
1637,9/21/86,7:53:48
1638,1/4/85,7:51:44
1639,10/22/99,2:44:58
1640,5/27/03,5:11:39
1641,4/23/08,12:06:30
1642,1/12/97,10:10:59
1643,2/18/01,14:41:02
1644,12/20/85,13:18:10
1645,5/17/94,2:55:44
1646,6/19/01,16:17:16
1647,4/17/80,12:24:07
1648,7/26/08,15:17:34
1649,6/2/11,1:27:10
1650,9/29/82,10:51:53
1651,6/2/98,10:36:28
1652,10/6/93,23:24:12
1653,6/26/06,13:40:51
1654,5/10/09,20:42:44
1655,8/29/85,5:19:29
1656,9/3/91,5:36:11
1657,2/10/04,3:29:07
1658,11/3/02,3:42:17
1659,3/13/88,16:13:01
1660,6/26/11,8:01:48
1661,2/21/81,4:09:08
1662,4/14/97,23:41:06
1663,3/14/93,20:41:46
1664,11/14/82,2:35:05
1665,10/28/11,0:00:49
1666,5/19/98,17:42:34
1667,11/2/97,13:59:31
1668,9/25/12,0:49:57
1669,5/23/96,19:42:07
1670,6/25/99,19:21:44
1671,11/26/86,19:18:13
1672,12/25/89,5:10:32
1673,4/24/84,20:29:57
1674,7/21/09,10:36:29
1675,3/3/83,16:58:36
1676,5/31/06,23:47:01
1677,3/27/89,18:02:11
1678,7/2/11,2:21:22
1679,7/30/88,11:36:50
1680,2/27/06,11:37:51
1681,10/11/01,19:19:25
1682,3/28/06,5:29:50
1683,11/9/87,7:34:31
1684,10/17/88,10:40:11
1685,10/26/00,17:08:54
1686,8/3/89,6:10:49
1687,12/13/99,3:30:07
1688,11/27/99,8:44:48
1689,12/13/02,18:50:29
1690,12/29/80,3:31:53
1691,6/23/05,2:42:57
1692,2/20/86,9:57:13
1693,6/23/88,6:59:11
1694,5/17/07,4:56:43
1695,5/17/96,8:39:42
1696,2/3/88,14:01:51
1697,10/1/81,8:17:01
1698,1/22/06,1:34:56
1699,1/13/83,14:07:43
1700,8/19/05,8:39:13
1701,4/19/91,8:18:00
1702,6/24/99,14:53:27
1703,10/20/85,13:56:43
1704,6/10/85,16:51:17
1705,7/25/06,14:36:40
1706,11/29/12,12:10:55
1707,11/7/81,13:18:21
1708,2/17/89,17:19:42
1709,3/23/81,4:10:44
1710,6/18/85,21:08:39
1711,2/11/82,22:37:24
1712,3/4/02,19:53:30
1713,1/23/93,7:59:06
1714,3/31/84,2:36:27
1715,3/21/81,9:01:20
1716,10/1/88,13:34:08
1717,12/31/08,18:35:32
1718,12/1/96,20:07:18
1719,12/23/99,7:12:07
1720,12/23/93,15:08:30
1721,1/30/07,11:52:51
1722,3/15/89,22:33:05
1723,11/23/05,10:14:30
1724,4/19/97,20:04:31
1725,5/5/13,5:38:54
1726,2/6/00,17:58:53
1727,7/21/04,19:35:02
1728,5/25/85,10:07:04
1729,11/16/89,23:21:43
1730,1/27/97,19:20:05
1731,9/14/85,4:45:08
1732,5/14/02,18:00:00
1733,5/3/91,21:57:17
1734,9/23/00,11:04:57
1735,10/9/05,14:25:09
1736,12/3/85,7:32:15
1737,1/17/80,2:54:11
1738,6/24/92,10:19:03
1739,1/18/98,7:41:03
1740,8/16/92,22:13:04
1741,10/12/10,23:22:52
1742,5/13/94,3:28:41
1743,12/16/82,11:53:41
1744,2/13/05,21:45:11
1745,9/17/00,13:00:59
1746,9/2/99,14:27:58
1747,10/7/94,10:15:25
1748,10/26/08,15:20:43
1749,9/27/92,15:56:37
1750,10/1/93,21:04:44
1751,7/20/94,8:18:12
1752,1/15/02,17:17:01
1753,3/13/01,14:06:30
1754,3/11/13,1:22:53
1755,9/24/13,11:18:56
1756,7/16/94,12:36:16
1757,7/24/91,1:00:37
1758,11/21/88,8:45:30
1759,1/7/13,10:14:11
1760,8/22/01,23:29:39
1761,1/10/90,6:05:52
1762,6/7/00,19:28:28
1763,10/10/12,17:08:22
1764,9/29/84,10:14:09
1765,1/9/84,19:47:27
1766,5/21/83,1:04:20
1767,5/27/10,13:41:35
1768,4/7/07,7:47:49
1769,4/7/86,20:40:29
1770,5/16/94,6:26:04
1771,2/5/13,7:07:04
1772,2/17/80,7:34:06
1773,6/13/08,12:06:05
1774,5/21/90,10:12:35
1775,9/28/96,17:04:12
1776,8/26/92,12:55:16
1777,9/21/08,23:49:55
1778,6/22/92,13:21:49
1779,3/10/90,19:26:05
1780,5/10/01,5:30:59
1781,10/14/13,3:15:21
1782,7/30/04,1:33:00
1783,9/13/03,18:24:44
1784,1/11/82,14:05:27
1785,4/12/08,7:14:28
1786,2/19/82,15:12:48
1787,3/9/13,10:10:49
1788,2/7/97,19:17:03
1789,12/29/85,2:51:48
1790,1/27/85,21:19:31
1791,7/12/85,8:53:48
1792,10/5/95,10:43:58
1793,3/22/10,13:42:15
1794,1/16/12,5:42:50
1795,2/6/07,3:31:22
1796,11/23/03,23:53:05
1797,3/27/01,9:47:15
1798,4/15/13,16:45:26
1799,8/18/11,10:47:54
1800,11/7/84,14:26:20
1801,4/6/87,23:59:01
1802,5/26/04,23:51:02
1803,2/21/96,3:59:46
1804,2/18/06,13:17:20
1805,12/3/13,20:32:28
1806,9/3/07,0:48:55
1807,3/21/90,13:49:28
1808,12/4/93,4:43:23
1809,7/27/10,20:27:46
1810,11/24/88,13:33:54
1811,5/10/12,13:45:01
1812,6/10/98,11:46:49
1813,7/20/81,3:26:29
1814,11/29/13,11:45:42
1815,5/16/98,5:01:48
1816,10/22/07,7:35:24
1817,8/15/03,12:10:09
1818,2/15/06,2:11:14
1819,4/28/08,5:40:41
1820,8/11/87,20:46:28
1821,2/2/84,18:35:55
1822,6/7/84,19:07:50
1823,4/3/89,15:14:03
1824,11/3/05,20:24:41
1825,1/15/02,15:30:36
1826,3/25/03,21:07:29
1827,2/26/83,3:45:37
1828,5/19/95,13:45:36
1829,5/8/82,10:14:37
1830,10/5/95,1:08:25
1831,3/16/96,23:38:04
1832,12/11/89,2:21:23
1833,12/14/94,20:48:57
1834,3/14/94,0:09:52
1835,8/11/07,10:22:58
1836,11/26/11,14:06:12
1837,6/3/95,0:50:44
1838,7/2/92,18:30:57
1839,3/29/85,8:18:58
1840,11/17/91,6:14:05
1841,5/5/85,15:01:14
1842,8/1/13,13:03:52
1843,11/16/08,16:10:15
1844,10/14/02,2:24:32
1845,5/25/06,10:20:36
1846,11/12/98,17:59:09
1847,9/28/87,17:02:34
1848,1/12/94,5:05:39
1849,4/1/92,0:22:11
1850,4/7/11,19:24:39
1851,12/19/90,10:49:47
1852,6/13/06,23:53:52
1853,7/2/91,9:30:18
1854,7/28/11,22:22:24
1855,11/12/84,13:27:14
1856,12/2/97,21:56:11
1857,7/28/02,10:17:04
1858,2/24/87,4:36:46
1859,3/7/03,8:53:52
1860,7/24/03,23:49:33
1861,6/14/06,10:19:37
1862,11/25/92,13:29:02
1863,9/28/02,22:02:56
1864,1/20/09,0:16:35
1865,4/2/01,4:35:43
1866,8/12/04,21:38:58
1867,9/27/13,6:57:10
1868,8/14/81,3:41:02
1869,6/22/09,5:02:13
1870,6/19/98,4:41:31
1871,11/25/02,2:09:36
1872,9/30/91,11:26:40
1873,4/16/01,17:54:40
1874,1/18/92,13:31:48
1875,4/4/01,4:12:17
1876,7/5/98,8:25:36
1877,9/28/85,21:43:15
1878,2/7/05,10:10:00
1879,5/14/94,23:09:42
1880,4/4/83,2:10:52
1881,7/18/99,9:14:24
1882,7/24/13,9:05:15
1883,10/8/08,16:01:22
1884,4/4/99,21:12:50
1885,7/24/06,4:30:17
1886,11/4/91,16:43:54
1887,5/11/87,8:18:40
1888,1/31/83,15:42:15
1889,11/13/99,18:46:01
1890,7/16/07,14:23:26
1891,5/24/12,19:04:02
1892,5/19/84,5:29:28
1893,9/20/07,18:13:49
1894,4/1/90,18:44:50
1895,3/7/85,3:34:33
1896,4/5/87,21:19:32
1897,11/23/03,18:26:16
1898,7/31/93,23:08:29
1899,11/19/84,22:36:40
1900,7/31/05,13:05:40
1901,1/6/08,1:28:49
1902,9/24/83,1:24:56
1903,4/10/86,10:42:49
1904,8/29/88,5:25:48
1905,12/17/89,20:58:32
1906,12/4/90,12:56:23
1907,3/13/83,7:26:39
1908,9/12/83,3:57:06
1909,4/14/97,11:27:52
1910,8/15/09,22:28:24
1911,11/27/83,18:03:53
1912,12/27/10,10:10:36
1913,6/7/85,12:19:39
1914,6/18/81,0:26:25
1915,4/13/10,4:09:41
1916,2/4/88,7:05:59
1917,12/1/09,20:34:28
1918,2/25/97,22:09:31
1919,10/19/07,10:33:27
1920,5/3/12,1:19:13
1921,10/23/96,13:18:01
1922,11/13/99,1:00:26
1923,6/23/82,16:08:39
1924,3/19/89,15:05:20
1925,7/11/12,8:12:17
1926,12/5/09,0:38:15
1927,7/1/98,15:28:15
1928,6/22/09,9:15:35
1929,9/17/08,12:19:18
1930,10/12/07,11:04:57
1931,10/18/03,10:07:48
1932,7/6/99,18:16:56
1933,10/10/91,13:26:04
1934,2/14/88,13:26:32
1935,10/13/96,10:23:53
1936,7/29/81,17:38:22
1937,10/7/12,22:45:36
1938,1/17/00,17:02:11
1939,11/14/01,20:47:32
1940,12/25/01,10:07:09
1941,6/27/90,20:16:57
1942,7/31/06,20:01:51
1943,4/21/98,15:29:14
1944,12/14/07,7:50:25
1945,1/15/96,19:03:12
1946,11/29/82,17:18:34
1947,3/3/92,11:55:11
1948,8/25/91,2:19:45
1949,12/11/08,14:28:35
1950,5/24/06,15:54:48
1951,12/2/91,0:19:24
1952,10/19/06,2:36:29
1953,5/28/82,1:08:04
1954,11/19/01,15:16:00
1955,2/23/04,11:22:05
1956,6/25/86,10:40:43
1957,8/31/03,10:05:05
1958,12/31/04,1:19:44
1959,4/6/88,6:45:12
1960,5/17/97,22:50:04
1961,12/19/88,22:03:35
1962,12/5/04,14:42:41
1963,2/11/01,14:51:00
1964,2/18/86,21:43:58
1965,6/17/10,1:41:47
1966,1/9/12,1:11:06
1967,4/3/03,18:00:16
1968,3/30/84,11:33:12
1969,12/29/94,3:29:00
1970,2/13/80,17:27:23
1971,11/14/90,3:33:11
1972,1/22/01,10:17:35
1973,7/9/10,6:06:18
1974,3/5/02,15:26:42
1975,3/1/80,18:27:55
1976,2/23/00,5:53:21
1977,1/1/85,7:38:17
1978,12/14/80,7:46:15
1979,4/30/81,22:11:01
1980,6/12/83,11:57:03
1981,1/17/96,2:06:59
1982,6/15/90,6:04:59
1983,11/21/05,12:27:19
1984,11/16/13,13:37:12
1985,8/1/04,9:35:26
1986,9/30/11,11:08:43
1987,3/2/04,19:46:09
1988,1/14/88,12:52:48
1989,9/9/82,12:12:43
1990,12/29/01,3:45:52
1991,4/9/01,21:35:09
1992,4/28/91,0:08:29
1993,5/24/93,13:26:10
1994,5/9/06,15:48:06
1995,12/6/97,6:12:11
1996,5/29/81,18:58:45
1997,12/22/01,5:07:27
1998,3/20/96,0:10:45
1999,1/19/85,11:17:52
2000,4/28/09,14:02:25