1,1661,11,555
2,156,31,738
3,170,100,913
4,1307,47,292
5,700,81,692
6,753,91,303
7,1910,36,800
8,804,18,775
9,805,65,460
10,709,4,794
11,181,94,434
12,282,22,542
13,412,46,640
14,991,28,108
15,1283,80,808
16,167,49,219
17,847,85,670
18,655,19,263
19,1480,92,642
20,487,46,692
21,105,49,126
22,1169,19,752
23,790,65,338
24,348,3,593
25,481,19,651
26,835,12,187
27,393,45,56
28,1746,99,154
29,1133,6,267
30,875,55,416
31,1861,51,207
32,1991,41,366
33,1986,60,116
34,604,91,369
35,712,21,158
36,1562,68,507
37,1992,83,567
38,1808,89,31
39,689,100,37
40,1521,26,186
41,110,46,352
42,1984,66,260
43,966,39,669
44,1418,3,675
45,1897,61,632
46,1263,46,933
47,44,25,173
48,817,79,278
49,577,90,415
50,1935,19,794
51,1093,25,14
52,1732,51,903
53,1185,96,193
54,1545,30,669
55,530,92,576
56,503,61,490
57,1373,89,811
58,808,80,370
59,1038,17,575
60,1923,2,39
61,1405,89,289
62,1742,45,936
63,447,59,459
64,1129,5,840
65,1143,83,275
66,1519,8,312
67,1722,45,308
68,1739,70,733
69,1374,75,670
70,636,59,409
71,1352,7,822
72,66,64,172
73,329,100,711
74,1380,66,934
75,1461,28,382
76,1051,6,152
77,610,14,389
78,1798,66,286
79,52,60,664
80,1072,89,337
81,1597,50,635
82,1132,20,689
83,938,36,309
84,1067,74,16
85,1931,41,665
86,1588,98,926
87,1640,4,248
88,1359,19,110
89,179,47,935
90,1117,3,488
91,170,30,262
92,529,42,833
93,394,19,897
94,436,68,859
95,1939,54,116
96,1731,4,44
97,1409,94,221
98,203,31,570
99,1272,42,694
100,1451,31,232
101,732,51,177
102,563,90,543
103,559,72,203
104,1006,41,218
105,1712,27,25
106,1129,9,301
107,1900,48,493
108,1505,66,100
109,1920,68,819
110,328,7,568
111,959,40,481
112,1959,8,526
113,583,56,372
114,264,30,896
115,1996,40,891
116,1700,36,393
117,624,31,271
118,768,69,105
119,803,55,261
120,1946,32,686
121,71,1,347
122,510,65,288
123,1977,92,164
124,1196,75,512
125,747,40,853
126,63,44,264
127,270,32,253
128,150,85,970
129,1756,19,520
130,109,51,279
131,1985,58,632
132,517,81,374
133,556,85,45
134,1020,57,523
135,1838,3,328
136,1954,48,750
137,721,22,857
138,1405,56,526
139,308,79,647
140,1908,62,842
141,1640,2,147
142,560,18,816
143,1944,88,872
144,751,92,969
145,1773,25,873
146,1403,72,514
147,1569,86,568
148,770,34,860
149,831,100,226
150,958,21,87
151,614,92,97
152,1748,6,114
153,402,52,83
154,544,78,590
155,295,31,270
156,1052,99,201
157,623,96,213
158,1791,98,866
159,623,10,637
160,1465,37,886
161,1659,9,659
162,1104,49,858
163,1888,76,482
164,915,89,485
165,1690,6,242
166,638,64,137
167,767,86,830
168,191,16,250
169,1885,76,735
170,1250,74,784
171,299,79,790
172,1395,100,864
173,344,97,35
174,190,50,493
175,1452,74,772
176,869,19,901
177,116,99,469
178,330,38,143
179,1919,21,611
180,207,23,135
181,1928,28,48
182,711,1,309
183,501,93,510
184,1512,88,551
185,1941,68,131
186,1659,87,423
187,1026,87,173
188,1864,1,58
189,684,76,211
190,1759,28,391
191,1236,64,187
192,342,56,486
193,1944,4,269
194,141,11,998
195,1287,61,889
196,1550,32,602
197,1391,95,105
198,620,99,799
199,603,19,294
200,420,7,649
201,1864,13,805
202,1342,84,148
203,1317,1,626
204,35,53,566
205,1317,86,763
206,1709,83,205
207,816,64,168
208,1885,69,316
209,1795,63,777
210,25,98,137
211,318,16,476
212,162,76,859
213,1665,54,760
214,1778,85,141
215,911,67,304
216,108,30,13
217,519,77,723
218,1882,61,18
219,656,19,142
220,871,37,104
221,62,33,69
222,1139,11,731
223,610,17,870
224,88,30,821
225,863,6,589
226,383,95,410
227,180,71,280
228,601,55,846
229,1865,49,714
230,1066,19,636
231,318,96,376
232,254,42,930
233,1509,75,649
234,1497,13,104
235,1187,11,440
236,1772,90,56
237,596,68,574
238,731,55,493
239,432,43,516
240,1281,94,464
241,215,84,228
242,962,49,965
243,900,10,980
244,104,5,44
245,1622,49,693
246,1043,52,62
247,502,82,393
248,1503,79,22
249,1469,37,171
250,517,91,292
251,648,68,619
252,1382,64,522
253,731,60,393
254,1660,7,917
255,218,69,120
256,691,93,666
257,436,80,45
258,1232,29,710
259,767,28,292
260,14,51,903
261,798,5,161
262,586,88,531
263,1630,21,273
264,1872,40,491
265,585,41,918
266,1554,5,361
267,1278,67,66
268,1906,31,964
269,1209,91,308
270,39,32,390
271,906,76,922
272,240,56,602
273,916,22,542
274,1798,80,527
275,1213,46,969
276,1593,51,907
277,119,88,774
278,1070,49,962
279,94,36,836
280,1801,24,870
281,1949,99,220
282,1769,87,539
283,138,80,350
284,1273,45,398
285,790,99,119
286,793,77,964
287,1416,95,380
288,1325,19,64
289,1389,87,537
290,1200,44,530
291,1541,79,599
292,392,61,848
293,1431,68,631
294,36,58,266
295,697,31,530
296,1891,10,908
297,483,30,665
298,1228,23,504
299,767,33,612
300,1068,93,837
301,1278,72,462
302,311,70,288
303,1158,32,57
304,1484,95,211
305,872,2,669
306,1788,100,858
307,14,68,151
308,733,52,203
309,1924,25,662
310,1147,42,249
311,548,62,902
312,1787,26,102
313,1790,74,856
314,286,1,578
315,610,32,944
316,629,89,535
317,1704,23,282
318,1313,89,858
319,860,22,1
320,1055,19,787
321,847,48,510
322,127,32,760
323,1763,88,123
324,463,37,133
325,1361,28,255
326,1548,39,702
327,1917,7,502
328,1277,7,728
329,1232,38,151
330,395,90,856
331,1709,60,790
332,646,5,369
333,1293,32,669
334,316,60,342
335,371,88,805
336,1636,31,538
337,1331,51,220
338,1398,15,406
339,1792,35,954
340,14,48,275
341,1711,60,379
342,427,56,917
343,722,88,395
344,682,55,46
345,301,50,493
346,1337,52,679
347,1702,23,507
348,271,78,602
349,849,32,926
350,1104,42,728
351,1540,36,559
352,1510,82,431
353,1822,77,77
354,1009,34,613
355,722,53,263
356,1684,21,117
357,1892,81,921
358,1430,49,945
359,1571,50,92
360,766,31,922
361,321,94,88
362,305,87,744
363,1137,50,642
364,2000,16,382
365,110,23,280
366,1290,14,818
367,649,78,670
368,1281,68,591
369,284,43,64
370,1135,18,253
371,1833,94,805
372,1646,13,872
373,1482,26,929
374,1968,25,493
375,130,21,557
376,1811,73,323
377,775,18,975
378,1929,48,200
379,235,25,805
380,1379,33,578
381,1392,25,590
382,83,29,993
383,1559,21,354
384,539,80,334
385,1064,26,589
386,660,16,965
387,525,23,703
388,30,99,604
389,553,85,386
390,1784,3,83
391,15,53,656
392,1785,89,807
393,79,7,686
394,949,31,680
395,1176,35,214
396,20,52,708
397,1310,24,939
398,343,44,764
399,992,93,614
400,1992,100,303
401,421,32,560
402,934,86,725
403,362,63,332
404,1899,59,359
405,1556,26,105
406,659,87,771
407,1074,54,409
408,284,1,823
409,874,75,238
410,604,9,475
411,1775,87,203
412,889,54,287
413,1796,31,871
414,745,75,895
415,165,69,971
416,1331,92,159
417,648,75,199
418,897,69,862
419,249,37,872
420,285,85,314
421,709,39,774
422,1623,40,148
423,1434,83,988
424,429,16,905
425,1746,66,832
426,595,56,132
427,911,79,111
428,350,58,665
429,285,41,460
430,1692,22,565
431,1041,30,902
432,729,32,564
433,579,30,715
434,302,44,141
435,1382,54,540
436,1900,32,213
437,248,100,447
438,703,94,736
439,1819,31,71
440,633,36,608
441,1467,80,456
442,55,79,970
443,602,11,482
444,1392,14,16
445,1441,81,353
446,1088,75,773
447,981,62,828
448,1032,10,766
449,608,33,31
450,45,74,620
451,1580,12,823
452,822,27,536
453,1248,66,974
454,1943,58,314
455,538,87,22
456,1896,89,741
457,263,95,997
458,219,24,508
459,1048,5,536
460,1332,6,48
461,1125,85,915
462,874,97,73
463,63,18,452
464,1109,5,370
465,1120,58,809
466,1545,31,389
467,690,92,659
468,534,71,967
469,1378,7,830
470,642,80,245
471,963,42,502
472,640,95,479
473,1306,53,253
474,1543,54,473
475,470,23,566
476,1788,84,329
477,344,2,212
478,1652,79,71
479,1626,24,750
480,1820,90,316
481,1835,51,881
482,971,87,533
483,986,12,762
484,1190,94,92
485,1145,83,46
486,1857,70,236
487,208,39,904
488,1245,32,234
489,449,20,489
490,1457,7,525
491,1952,18,680
492,616,54,359
493,511,88,414
494,1079,67,791
495,965,37,555
496,1495,62,695
497,653,71,154
498,1744,57,297
499,111,34,863
500,1939,63,663
501,1587,40,698
502,1155,56,607
503,150,66,857
504,1274,60,308
505,252,23,504
506,98,19,860
507,893,6,263
508,1071,91,428
509,389,59,842
510,739,56,500
511,1261,9,133
512,1248,81,546
513,1888,6,334
514,519,33,293
515,686,54,444
516,113,33,540
517,1058,34,968
518,1352,10,357
519,62,48,687
520,758,31,483
521,1692,93,415
522,1563,54,989
523,473,9,509
524,1098,9,652
525,1992,40,957
526,1726,57,115
527,255,30,406
528,796,64,44
529,849,61,411
530,1354,58,25
531,1046,40,920
532,1966,64,400
533,1443,18,126
534,1552,60,863
535,1317,62,977
536,76,76,259
537,1738,5,607
538,794,96,548
539,350,29,494
540,1553,10,267
541,1759,87,299
542,953,84,51
543,1950,54,100
544,837,80,199
545,1387,15,488
546,124,12,82
547,11,59,888
548,142,15,241
549,665,84,924
550,1563,42,67
551,1378,65,204
552,306,58,791
553,849,91,999
554,646,74,585
555,1370,92,331
556,187,95,591
557,1230,85,360
558,969,92,516
559,163,69,827
560,1368,33,379
561,1938,16,322
562,739,69,241
563,1173,87,888
564,1683,15,279
565,173,72,324
566,878,65,477
567,66,20,922
568,475,5,740
569,63,31,620
570,1334,76,409
571,1534,15,462
572,1027,73,923
573,1934,50,998
574,545,67,660
575,1101,67,484
576,1316,1,753
577,306,33,570
578,1820,35,345
579,794,68,813
580,612,48,500
581,964,67,461
582,225,55,69
583,97,3,830
584,1979,89,732
585,664,42,808
586,112,52,862
587,249,48,143
588,1414,98,504
589,273,88,459
590,1142,78,902
591,374,19,356
592,192,74,693
593,1231,23,277
594,318,64,141
595,1944,14,309
596,102,99,804
597,1733,72,976
598,808,41,453
599,1730,57,592
600,668,66,799
601,194,90,652
602,317,17,817
603,573,22,395
604,343,58,849
605,1917,28,894
606,133,39,951
607,538,52,476
608,288,37,376
609,1318,20,45
610,1059,90,245
611,894,58,244
612,1618,90,704
613,547,60,530
614,840,38,944
615,1139,37,893
616,1531,21,414
617,1250,79,468
618,625,9,895
619,834,78,326
620,7,15,968
621,94,55,827
622,575,32,7
623,993,29,288
624,1261,94,860
625,1664,69,620
626,198,6,759
627,1130,12,814
628,279,49,854
629,1965,14,431
630,175,76,549
631,312,50,399
632,680,62,627
633,1383,41,654
634,1778,51,603
635,143,45,270
636,428,22,736
637,1423,73,678
638,978,57,949
639,25,30,80
640,769,32,683
641,1404,37,928
642,1255,87,460
643,323,100,479
644,64,1,990
645,508,67,141
646,599,62,80
647,882,64,165
648,754,39,479
649,1858,28,322
650,330,71,225
651,1949,59,540
652,1779,38,211
653,763,7,532
654,1376,31,971
655,871,41,2
656,885,54,305
657,1130,16,382
658,623,47,775
659,105,94,998
660,803,73,256
661,8,70,828
662,1982,40,118
663,494,24,269
664,1524,34,654
665,924,3,97
666,616,43,229
667,705,4,191
668,812,45,4
669,240,62,354
670,1742,42,684
671,764,39,755
672,1905,47,874
673,737,77,830
674,1073,28,328
675,433,37,972
676,783,90,291
677,624,91,447
678,1586,56,525
679,1213,20,936
680,607,100,239
681,1891,89,569
682,1530,1,86
683,1451,97,24
684,1512,67,449
685,155,93,514
686,1708,15,885
687,495,98,989
688,883,17,676
689,1037,64,296
690,349,70,149
691,727,83,29
692,1962,100,654
693,1833,60,923
694,135,30,36
695,1546,67,379
696,1095,87,306
697,1429,40,845
698,569,23,952
699,1946,76,755
700,1240,9,949
701,1187,100,402
702,1583,73,249
703,1674,53,377
704,1319,100,441
705,837,91,489
706,1382,97,763
707,1912,52,46
708,1963,8,489
709,104,7,779
710,1753,91,151
711,1719,19,52
712,1770,79,941
713,718,97,522
714,1533,70,538
715,82,32,65
716,1087,63,314
717,501,48,394
718,1522,52,565
719,743,54,140
720,648,26,420
721,1507,3,589
722,417,64,805
723,1378,86,445
724,1092,39,374
725,534,63,491
726,1612,18,28
727,1870,15,185
728,552,1,433
729,482,88,685
730,1707,86,398
731,1068,48,268
732,1062,41,281
733,1125,53,9
734,1451,39,768
735,1506,65,578
736,303,63,107
737,1851,58,549
738,1259,35,555
739,91,71,473
740,1999,15,703
741,1395,50,391
742,553,22,980
743,1882,17,702
744,1866,14,898
745,1775,99,248
746,1124,1,750
747,1466,58,870
748,1684,60,551
749,1490,69,485
750,1494,46,908
751,1722,59,555
752,1647,45,342
753,1513,72,794
754,1797,75,249
755,699,80,947
756,1912,52,810
757,1388,29,371
758,1090,40,229
759,865,52,698
760,444,6,493
761,707,58,250
762,469,23,588
763,1270,65,390
764,1341,80,361
765,213,48,436
766,1131,60,296
767,233,52,848
768,473,2,653
769,32,77,637
770,846,29,225
771,1968,62,71
772,232,59,730
773,1160,29,637
774,1246,2,330
775,1307,74,890
776,1542,18,313
777,1425,47,455
778,880,79,555
779,1095,17,11
780,1639,63,902
781,632,85,327
782,778,82,195
783,1383,4,598
784,1842,82,414
785,1272,12,535
786,706,54,846
787,196,12,190
788,1222,87,867
789,678,99,55
790,717,3,137
791,1857,19,846
792,711,12,873
793,732,7,233
794,140,94,504
795,955,85,165
796,1407,71,936
797,1678,32,808
798,1804,42,562
799,711,27,126
800,1515,52,476
801,241,68,351
802,140,70,495
803,1319,27,655
804,1442,18,743
805,493,88,550
806,447,80,530
807,1062,74,681
808,998,48,863
809,1037,75,456
810,1942,22,159
811,221,2,18
812,607,22,332
813,189,32,980
814,1497,25,54
815,329,95,431
816,1854,90,332
817,14,72,643
818,806,22,691
819,641,77,843
820,1460,53,490
821,333,56,987
822,1691,43,407
823,1788,81,512
824,1152,16,626
825,101,74,174
826,1165,34,842
827,211,80,859
828,244,56,509
829,451,34,653
830,745,94,263
831,1137,97,584
832,1725,75,487
833,332,50,884
834,1785,28,490
835,1713,31,483
836,1298,36,944
837,1571,90,36
838,498,31,481
839,1406,56,397
840,1752,41,652
841,1724,58,57
842,1719,100,508
843,125,52,805
844,1214,79,333
845,1906,82,286
846,1713,2,436
847,665,99,644
848,944,36,76
849,1422,33,692
850,1591,19,694
851,1871,21,620
852,1709,11,368
853,1589,97,975
854,465,66,53
855,1141,80,954
856,1307,84,773
857,1046,81,147
858,1795,52,735
859,836,15,887
860,9,57,756
861,1088,95,864
862,742,24,705
863,1210,7,285
864,347,34,975
865,718,42,43
866,1126,77,931
867,923,27,60
868,772,45,820
869,371,69,18
870,13,28,445
871,1598,56,253
872,1459,63,349
873,192,87,34
874,682,11,453
875,1765,49,834
876,808,59,564
877,422,94,803
878,1861,80,914
879,795,18,29
880,1884,86,142
881,98,79,471
882,1729,5,645
883,1981,59,7
884,1127,74,850
885,1758,97,192
886,507,28,658
887,1928,11,977
888,1287,70,352
889,1820,93,892
890,313,11,588
891,320,8,75
892,131,97,16
893,1365,37,235
894,1653,73,740
895,237,9,44
896,291,48,51
897,94,62,644
898,195,43,46
899,193,41,605
900,1492,8,443
901,1361,3,476
902,601,76,967
903,1833,79,712
904,860,47,991
905,534,79,217
906,479,10,815
907,294,21,217
908,1213,98,885
909,53,59,975
910,106,65,784
911,825,90,558
912,1914,1,256
913,1594,10,149
914,1160,72,44
915,911,69,904
916,922,53,329
917,1864,100,531
918,344,86,661
919,1771,30,547
920,142,31,157
921,1233,27,523
922,616,63,543
923,88,89,623
924,1688,45,888
925,253,56,640
926,1066,56,267
927,1532,47,204
928,1352,1,939
929,898,10,476
930,1014,45,690
931,25,28,150
932,64,65,711
933,924,52,865
934,711,81,165
935,1723,93,734
936,1108,96,961
937,1174,3,154
938,383,20,524
939,1737,34,498
940,1204,62,665
941,401,43,712
942,1064,4,135
943,568,6,563
944,1749,51,916
945,156,10,904
946,1617,4,665
947,1160,49,803
948,816,92,962
949,1061,48,874
950,155,65,694
951,1765,6,967
952,1024,54,992
953,1499,39,657
954,1355,98,483
955,1044,2,631
956,1879,39,271
957,1302,94,714
958,825,17,37
959,1742,35,562
960,504,83,764
961,558,25,790
962,350,74,96
963,985,17,845
964,955,60,484
965,599,97,167
966,1683,44,226
967,1851,4,994
968,1696,37,193
969,187,96,79
970,837,70,213
971,1094,39,480
972,481,17,428
973,187,48,379
974,635,66,576
975,78,61,98
976,1489,82,574
977,811,60,649
978,713,30,286
979,688,87,688
980,217,41,768
981,132,9,663
982,880,74,977
983,1159,62,893
984,1073,33,151
985,247,33,151
986,1749,94,917
987,1370,89,192
988,1839,30,697
989,1606,74,251
990,1831,90,897
991,1170,46,566
992,518,39,45
993,680,15,421
994,262,75,508
995,476,79,998
996,791,93,226
997,498,92,832
998,1919,81,673
999,892,86,266
1000,221,12,325
1001,561,38,840
1002,1928,45,682
1003,387,29,560
1004,824,45,956
1005,229,20,41
1006,528,85,318
1007,1095,57,95
1008,1712,83,554
1009,1554,46,677
1010,917,1,44
1011,528,83,132
1012,405,83,952
1013,1878,6,135
1014,1087,52,260
1015,1241,1,728
1016,483,88,303
1017,1840,67,63
1018,21,57,949
1019,727,97,920
1020,9,7,339
1021,1741,57,209
1022,696,21,934
1023,1259,76,751
1024,1427,70,304
1025,1102,45,688
1026,1507,25,114
1027,37,39,801
1028,490,7,607
1029,1882,77,772
1030,1887,52,897
1031,1771,5,409
1032,1084,11,993
1033,715,87,671
1034,366,36,174
1035,972,50,326
1036,878,63,389
1037,967,90,816
1038,80,5,120
1039,1993,28,231
1040,67,35,222
1041,380,78,771
1042,480,60,447
1043,1774,34,126
1044,1307,72,511
1045,1806,95,953
1046,1076,66,671
1047,167,90,565
1048,1904,75,360
1049,769,18,649
1050,1635,4,228
1051,772,41,647
1052,1147,51,363
1053,1725,98,412
1054,1452,67,921
1055,1801,59,242
1056,1639,38,276
1057,847,77,74
1058,111,14,553
1059,436,15,594
1060,843,29,283
1061,567,75,282
1062,792,16,287
1063,1,29,654
1064,604,80,834
1065,598,10,839
1066,1382,48,186
1067,1262,63,292
1068,678,82,118
1069,497,45,780
1070,1352,69,41
1071,22,63,584
1072,100,75,789
1073,1081,92,901
1074,660,11,581
1075,969,27,910
1076,481,62,643
1077,958,56,130
1078,1271,51,822
1079,5,69,918
1080,961,12,707
1081,578,49,717
1082,626,8,923
1083,1925,79,117
1084,1098,83,688
1085,801,53,655
1086,24,51,486
1087,1503,69,452
1088,1275,96,112
1089,389,68,44
1090,463,29,832
1091,826,39,186
1092,1735,45,638
1093,481,17,892
1094,27,51,286
1095,1599,31,935
1096,1259,26,234
1097,1667,38,507
1098,1835,63,207
1099,94,25,990
1100,199,95,680
1101,380,59,630
1102,642,89,904
1103,1778,76,47
1104,1019,58,488
1105,751,15,334
1106,954,83,344
1107,1923,13,372
1108,841,88,64
1109,515,71,444
1110,862,27,258
1111,1309,52,613
1112,341,29,261
1113,284,30,464
1114,1530,75,931
1115,1410,33,578
1116,1737,38,251
1117,772,70,734
1118,532,57,974
1119,49,80,78
1120,1290,89,668
1121,1482,74,107
1122,929,50,602
1123,1834,35,201
1124,253,4,253
1125,1700,46,323
1126,1122,14,624
1127,1525,75,87
1128,841,59,27
1129,163,69,230
1130,187,44,464
1131,920,40,207
1132,1516,45,643
1133,1730,99,972
1134,1163,65,590
1135,1,50,575
1136,1076,15,802
1137,1211,9,614
1138,99,55,763
1139,1487,88,223
1140,28,30,12
1141,1212,43,224
1142,1703,27,298
1143,444,80,134
1144,1532,95,328
1145,1112,88,335
1146,1224,67,699
1147,1546,33,92
1148,1913,90,523
1149,1106,54,964
1150,1813,22,514
1151,383,89,350
1152,332,40,269
1153,335,59,923
1154,1627,98,728
1155,1071,43,949
1156,921,85,519
1157,1514,34,630
1158,1327,61,12
1159,1847,27,532
1160,1603,97,936
1161,905,52,417
1162,1637,47,944
1163,785,5,409
1164,545,72,496
1165,501,40,607
1166,1909,76,392
1167,1338,93,293
1168,714,23,691
1169,1360,40,462
1170,391,66,363
1171,431,48,336
1172,1526,70,510
1173,336,6,274
1174,220,29,449
1175,32,28,58
1176,1485,25,298
1177,1907,27,839
1178,1682,53,416
1179,1048,47,185
1180,1675,72,330
1181,221,35,162
1182,1832,64,42
1183,579,21,364
1184,678,31,838
1185,749,43,928
1186,1058,60,695
1187,1653,94,139
1188,1390,40,585
1189,377,97,936
1190,1057,91,752
1191,1122,2,516
1192,1839,75,421
1193,1888,67,305
1194,1631,43,458
1195,1980,97,861
1196,1517,42,828
1197,909,36,436
1198,1475,40,834
1199,748,70,566
1200,1106,31,646
1201,108,67,996
1202,1995,40,404
1203,541,39,14
1204,1642,21,367
1205,1489,8,445
1206,1126,30,202
1207,1266,73,193
1208,792,70,426
1209,770,59,991
1210,159,30,388
1211,165,33,583
1212,1239,61,180
1213,842,60,342
1214,1831,68,206
1215,1144,17,434
1216,1413,89,717
1217,1554,87,451
1218,118,88,969
1219,959,36,387
1220,1944,22,796
1221,1518,3,538
1222,1042,71,392
1223,1966,79,199
1224,1040,70,224
1225,1484,14,737
1226,14,31,229
1227,680,82,862
1228,532,92,799
1229,760,100,338
1230,485,88,144
1231,438,91,889
1232,1155,65,842
1233,1696,19,328
1234,642,9,514
1235,448,77,557
1236,1084,75,563
1237,1754,28,769
1238,1679,66,506
1239,1042,83,868
1240,810,14,189
1241,454,23,542
1242,1981,20,751
1243,1826,60,819
1244,1098,65,515
1245,968,84,373
1246,1039,33,11
1247,341,53,103
1248,325,46,979
1249,1490,46,493
1250,71,14,603
1251,1875,54,216
1252,369,66,28
1253,1744,70,527
1254,1613,54,488
1255,1073,37,109
1256,608,31,660
1257,1048,26,648
1258,519,74,565
1259,1655,59,752
1260,399,71,347
1261,1132,19,186
1262,1087,54,633
1263,64,31,4
1264,72,19,279
1265,77,53,335
1266,612,57,49
1267,1713,26,841
1268,1882,11,654
1269,1680,51,231
1270,1400,47,925
1271,1482,89,812
1272,1315,54,703
1273,1074,21,257
1274,156,11,823
1275,1217,2,301
1276,945,51,973
1277,1790,48,854
1278,901,15,454
1279,1470,52,73
1280,1220,88,29
1281,1665,47,147
1282,1170,19,576
1283,294,66,310
1284,34,39,325
1285,898,60,478
1286,118,31,559
1287,927,62,551
1288,695,46,790
1289,1521,4,325
1290,734,55,662
1291,1856,73,985
1292,1861,29,623
1293,649,50,633
1294,1561,33,190
1295,1030,13,958
1296,1570,97,661
1297,1553,73,259
1298,1536,74,576
1299,1466,71,393
1300,1182,36,841
1301,1227,30,591
1302,867,26,345
1303,923,27,734
1304,1549,26,722
1305,651,76,531
1306,1098,6,247
1307,622,14,426
1308,574,56,596
1309,1589,97,667
1310,1914,9,80
1311,938,33,789
1312,1943,16,217
1313,1188,44,130
1314,494,34,36
1315,1834,95,286
1316,1275,17,665
1317,823,54,180
1318,1040,45,176
1319,1742,84,683
1320,542,96,661
1321,834,76,905
1322,679,7,631
1323,1976,57,103
1324,418,84,863
1325,1034,43,252
1326,1608,15,319
1327,515,62,94
1328,968,37,255
1329,172,26,141
1330,1604,63,982
1331,1499,5,41
1332,519,71,674
1333,1647,37,942
1334,1283,100,760
1335,240,71,373
1336,969,68,882
1337,1966,54,589
1338,1508,69,978
1339,953,6,931
1340,1411,92,324
1341,487,36,766
1342,240,30,921
1343,443,77,577
1344,96,31,682
1345,1955,66,111
1346,375,11,273
1347,495,7,956
1348,67,23,317
1349,744,7,881
1350,12,17,196
1351,725,84,428
1352,1520,12,918
1353,198,70,22
1354,428,63,464
1355,1730,85,915
1356,1116,89,380
1357,1312,5,678
1358,1152,96,862
1359,910,73,227
1360,986,27,7
1361,1108,56,967
1362,746,40,433
1363,796,54,502
1364,293,72,69
1365,1918,80,759
1366,1406,12,539
1367,1383,1,158
1368,936,58,736
1369,1754,14,219
1370,1848,95,814
1371,453,83,764
1372,863,41,352
1373,549,90,693
1374,241,6,674
1375,334,53,154
1376,238,83,331
1377,1105,60,547
1378,1045,98,269
1379,168,90,444
1380,346,57,858
1381,161,54,362
1382,137,38,227
1383,741,58,56
1384,847,51,324
1385,522,90,637
1386,1359,33,444
1387,1950,8,80
1388,1462,21,790
1389,1133,76,85
1390,63,100,115
1391,745,95,376
1392,26,46,840
1393,1033,76,445
1394,414,88,411
1395,1895,68,982
1396,1155,56,559
1397,1225,43,56
1398,972,22,946
1399,219,78,383
1400,1345,62,169
1401,943,4,320
1402,460,70,319
1403,785,5,715
1404,435,50,266
1405,380,30,772
1406,240,44,666
1407,1749,87,588
1408,1547,55,146
1409,526,8,743
1410,1767,63,954
1411,1974,69,416
1412,626,34,428
1413,228,60,679
1414,99,37,981
1415,731,38,823
1416,225,69,750
1417,1799,55,650
1418,309,43,438
1419,1179,40,193
1420,635,35,727
1421,1814,43,711
1422,1374,64,612
1423,1757,88,791
1424,16,1,414
1425,1236,53,599
1426,1353,42,591
1427,627,54,952
1428,322,76,753
1429,650,56,295
1430,1855,89,546
1431,1875,41,206
1432,910,61,907
1433,1198,73,360
1434,169,4,681
1435,173,49,820
1436,313,20,668
1437,612,26,214
1438,1238,93,928
1439,1482,32,285
1440,250,20,753
1441,1197,87,557
1442,1643,80,889
1443,968,33,763
1444,1570,10,844
1445,1484,46,268
1446,1932,13,623
1447,436,43,41
1448,1611,59,762
1449,1042,71,559
1450,1429,45,111
1451,588,98,27
1452,120,32,210
1453,1677,40,341
1454,1,68,235
1455,835,82,220
1456,30,42,561
1457,199,15,376
1458,162,5,778
1459,1245,86,429
1460,1111,44,948
1461,76,48,236
1462,475,81,203
1463,1353,29,307
1464,1790,72,140
1465,1699,100,342
1466,1135,75,344
1467,795,79,723
1468,551,59,944
1469,556,95,828
1470,885,4,994
1471,1175,49,110
1472,468,27,406
1473,1850,92,460
1474,1934,15,493
1475,411,10,402
1476,1066,50,467
1477,560,99,37
1478,522,3,451
1479,971,28,405
1480,367,69,394
1481,1512,62,862
1482,499,11,105
1483,1975,91,143
1484,1287,8,814
1485,1113,36,429
1486,40,100,675
1487,421,35,568
1488,213,81,785
1489,1224,38,647
1490,433,47,559
1491,1404,36,898
1492,52,6,208
1493,1780,36,152
1494,511,67,337
1495,247,18,337
1496,132,60,886
1497,264,8,309
1498,1793,49,748
1499,1805,86,278
1500,118,84,190
1501,1903,59,866
1502,364,85,240
1503,393,28,884
1504,1206,85,101
1505,994,45,684
1506,328,22,743
1507,1608,64,684
1508,1924,54,569
1509,1283,1,516
1510,1965,93,667
1511,317,100,419
1512,1372,27,340
1513,1902,80,877
1514,634,89,548
1515,35,48,478
1516,1018,93,969
1517,883,78,21
1518,1252,49,244
1519,1522,100,211
1520,1429,36,820
1521,835,14,693
1522,76,6,60
1523,1604,64,739
1524,937,16,804
1525,724,52,767
1526,1731,82,198
1527,1555,99,903
1528,321,88,768
1529,1031,71,520
1530,1497,52,682
1531,1966,4,56
1532,907,62,187
1533,1355,53,300
1534,1212,72,167
1535,730,37,93
1536,1270,95,209
1537,1988,34,484
1538,495,46,601
1539,882,71,532
1540,622,70,807
1541,760,51,982
1542,1255,22,82
1543,868,5,736
1544,893,76,894
1545,1587,6,490
1546,1311,92,828
1547,1843,19,805
1548,755,72,832
1549,387,64,732
1550,1058,79,864
1551,953,54,508
1552,562,23,537
1553,1566,27,671
1554,1850,3,839
1555,59,38,723
1556,1951,45,37
1557,1489,22,92
1558,119,6,749
1559,64,75,918
1560,1809,62,618
1561,361,60,482
1562,429,86,719
1563,590,11,22
1564,1181,14,919
1565,241,60,41
1566,660,45,5
1567,427,70,7
1568,872,91,948
1569,1773,93,28
1570,1902,22,976
1571,99,49,370
1572,1707,8,262
1573,1157,1,499
1574,1947,93,656
1575,876,90,432
1576,523,13,830
1577,1203,21,48
1578,1765,59,585
1579,1823,90,297
1580,334,11,394
1581,1683,89,322
1582,1162,42,678
1583,273,55,199
1584,1446,67,581
1585,390,22,122
1586,1615,92,34
1587,1155,37,881
1588,1653,45,136
1589,510,63,40
1590,479,28,823
1591,1373,45,937
1592,23,81,507
1593,626,100,533
1594,356,31,69
1595,315,3,728
1596,539,47,566
1597,672,86,632
1598,358,53,336
1599,1626,22,951
1600,670,48,888
1601,1530,69,110
1602,1280,43,191
1603,24,19,923
1604,797,48,175
1605,1447,76,982
1606,1194,6,276
1607,1760,39,289
1608,751,51,512
1609,858,28,347
1610,283,2,150
1611,1974,45,341
1612,877,51,122
1613,1788,62,238
1614,498,29,83
1615,302,77,83
1616,515,18,883
1617,192,81,756
1618,919,31,573
1619,1917,34,220
1620,415,57,274
1621,1455,93,581
1622,866,76,201
1623,1048,12,577
1624,434,45,144
1625,927,47,124
1626,1061,99,593
1627,1311,47,322
1628,1958,96,62
1629,530,30,352
1630,1459,57,57
1631,1431,19,174
1632,175,43,322
1633,1706,32,323
1634,307,91,913
1635,1041,4,53
1636,511,55,593
1637,1320,41,681
1638,157,61,757
1639,1639,95,679
1640,1262,17,854
1641,368,75,419
1642,1043,25,988
1643,961,24,595
1644,387,55,734
1645,666,7,727
1646,211,43,874
1647,1777,13,885
1648,14,99,431
1649,1417,33,750
1650,1058,26,721
1651,445,85,461
1652,294,23,236
1653,1140,26,802
1654,1900,29,134
1655,72,29,149
1656,48,43,434
1657,199,18,415
1658,1919,84,216
1659,5,78,440
1660,799,56,931
1661,1969,11,327
1662,1908,77,455
1663,719,75,994
1664,1256,41,710
1665,1667,74,310
1666,674,93,572
1667,1531,78,442
1668,1436,18,718
1669,1836,7,502
1670,899,72,356
1671,125,56,425
1672,24,18,415
1673,707,33,957
1674,1227,46,48
1675,1666,59,482
1676,422,84,415
1677,1955,2,109
1678,89,64,834
1679,623,13,32
1680,496,13,185
1681,810,14,721
1682,1497,58,377
1683,1880,77,651
1684,1449,68,167
1685,73,79,329
1686,590,77,858
1687,529,18,48
1688,1095,5,758
1689,1466,90,222
1690,338,55,655
1691,262,16,657
1692,1105,46,715
1693,1275,24,57
1694,1348,10,523
1695,474,38,613
1696,1627,67,241
1697,91,99,135
1698,1039,75,84
1699,1975,47,136
1700,1575,24,119
1701,888,52,88
1702,1306,86,52
1703,867,20,405
1704,407,60,600
1705,906,25,5
1706,403,69,743
1707,862,52,909
1708,820,45,124
1709,633,51,802
1710,14,68,969
1711,1722,35,802
1712,24,63,249
1713,1878,44,726
1714,1834,5,821
1715,183,88,154
1716,1938,94,248
1717,723,68,253
1718,1953,96,277
1719,1926,19,398
1720,1573,64,77
1721,1513,2,225
1722,1344,28,476
1723,199,56,686
1724,1637,35,269
1725,1531,77,206
1726,169,82,377
1727,882,69,237
1728,340,4,897
1729,253,61,372
1730,1510,76,568
1731,1285,2,285
1732,1405,99,898
1733,806,54,162
1734,374,25,106
1735,339,16,245
1736,338,38,886
1737,1586,19,33
1738,275,81,974
1739,1025,12,817
1740,1406,83,79
1741,822,12,190
1742,1826,44,367
1743,1413,7,188
1744,1528,81,528
1745,1532,32,747
1746,1891,29,988
1747,348,37,915
1748,1222,96,834
1749,1736,82,227
1750,1666,58,162
1751,1775,93,787
1752,1636,19,111
1753,108,42,66
1754,248,38,224
1755,1663,19,722
1756,1965,93,150
1757,345,69,952
1758,762,10,919
1759,1965,25,67
1760,681,43,531
1761,662,7,951
1762,72,74,108
1763,886,100,499
1764,766,87,418
1765,15,98,187
1766,223,97,656
1767,1597,3,938
1768,957,47,349
1769,1052,99,88
1770,130,30,639
1771,1604,38,566
1772,430,45,27
1773,1201,82,942
1774,1181,7,326
1775,82,15,561
1776,1146,87,267
1777,1793,18,286
1778,979,73,545
1779,1726,45,561
1780,778,80,304
1781,229,79,981
1782,1269,79,752
1783,63,82,113
1784,871,93,448
1785,1491,42,314
1786,1302,1,327
1787,1601,22,638
1788,994,99,763
1789,355,32,105
1790,1165,88,465
1791,947,71,105
1792,420,48,140
1793,1827,36,137
1794,374,11,780
1795,1896,79,38
1796,1072,83,559
1797,62,10,219
1798,294,19,85
1799,1785,1,789
1800,105,93,23
1801,856,64,159
1802,561,6,781
1803,164,31,420
1804,903,30,885
1805,840,64,539
1806,238,78,931
1807,110,55,742
1808,1270,34,642
1809,954,71,413
1810,1674,10,696
1811,264,44,542
1812,616,23,985
1813,1184,37,308
1814,505,14,330
1815,1625,65,529
1816,834,4,294
1817,599,15,822
1818,1925,7,577
1819,1179,86,932
1820,1315,70,606
1821,716,50,232
1822,1229,98,334
1823,38,20,619
1824,657,90,849
1825,1305,96,652
1826,1896,20,172
1827,1045,48,913
1828,334,37,604
1829,1940,1,450
1830,1883,5,378
1831,1991,27,888
1832,1820,82,127
1833,984,31,215
1834,1925,10,189
1835,1468,72,386
1836,1040,85,926
1837,1077,10,166
1838,844,38,231
1839,431,3,163
1840,1203,4,575
1841,1132,74,980
1842,432,37,231
1843,1660,24,878
1844,282,24,779
1845,426,100,139
1846,1501,95,589
1847,1527,86,158
1848,912,59,70
1849,765,75,764
1850,1510,31,780
1851,1334,45,922
1852,680,63,73
1853,880,59,155
1854,795,98,7
1855,741,26,968
1856,913,3,32
1857,17,84,808
1858,1938,88,951
1859,257,65,639
1860,2,52,84
1861,1442,53,107
1862,260,90,862
1863,20,17,644
1864,1290,6,156
1865,1156,25,474
1866,677,83,955
1867,1070,82,611
1868,1516,3,828
1869,1076,10,645
1870,596,29,490
1871,1932,70,946
1872,1376,39,993
1873,677,23,88
1874,1551,89,105
1875,996,91,992
1876,356,4,234
1877,1561,38,564
1878,1126,79,693
1879,1572,90,111
1880,966,11,74
1881,343,62,811
1882,615,92,730
1883,969,30,948
1884,1437,87,628
1885,1469,62,675
1886,1838,93,348
1887,1058,74,618
1888,20,76,326
1889,874,39,641
1890,1501,98,758
1891,1346,59,675
1892,322,10,913
1893,1503,49,307
1894,33,32,884
1895,605,49,346
1896,214,54,619
1897,1113,45,791
1898,416,63,255
1899,206,70,884
1900,176,93,268
1901,972,11,821
1902,688,80,212
1903,214,92,699
1904,774,63,127
1905,1853,79,555
1906,1550,79,940
1907,1697,83,980
1908,1095,34,121
1909,400,89,719
1910,323,77,755
1911,728,91,101
1912,95,15,836
1913,375,14,275
1914,737,10,354
1915,1041,24,292
1916,1075,36,30
1917,328,37,54
1918,696,14,8
1919,357,40,901
1920,1428,40,557
1921,1446,42,339
1922,1842,64,831
1923,1472,23,640
1924,851,4,62
1925,224,1,378
1926,1930,78,793
1927,501,30,632
1928,1193,42,456
1929,1310,90,649
1930,1285,67,720
1931,1885,80,966
1932,839,69,751
1933,1900,65,924
1934,1817,32,946
1935,1805,20,325
1936,241,55,715
1937,1456,95,883
1938,392,34,376
1939,1400,78,775
1940,1219,85,339
1941,1785,93,452
1942,141,68,837
1943,561,50,438
1944,1234,63,206
1945,297,84,101
1946,1889,24,875
1947,384,6,19
1948,1249,72,779
1949,358,13,758
1950,1391,54,145
1951,735,96,282
1952,27,44,18
1953,1633,85,799
1954,89,89,821
1955,401,92,989
1956,1037,43,936
1957,190,80,245
1958,1871,10,949
1959,1575,3,796
1960,468,49,861
1961,1277,32,77
1962,1175,15,968
1963,768,49,592
1964,676,45,938
1965,801,4,159
1966,658,37,306
1967,1050,97,410
1968,614,59,693
1969,475,51,739
1970,1386,51,121
1971,1135,43,916
1972,545,93,747
1973,1082,1,354
1974,1492,81,568
1975,877,60,73
1976,1826,73,534
1977,1241,53,337
1978,1544,14,809
1979,317,98,643
1980,1815,42,435
1981,1904,95,240
1982,1755,97,820
1983,1290,6,783
1984,1945,62,500
1985,1251,51,284
1986,24,73,824
1987,647,6,929
1988,1516,49,361
1989,664,16,24
1990,1208,41,806
1991,1961,11,194
1992,994,55,841
1993,659,65,711
1994,941,13,663
1995,833,35,284
1996,1202,33,897
1997,1074,58,725
1998,931,19,682
1999,580,82,897
2000,194,73,367
2001,244,64,48
2002,278,67,337
2003,1154,43,581
2004,474,67,810
2005,197,30,491
2006,1941,24,193
2007,1722,29,453
2008,919,7,828
2009,460,75,37
2010,519,88,58
2011,909,5,567
2012,255,28,111
2013,651,96,746
2014,354,73,994
2015,1535,26,311
2016,642,87,143
2017,1525,18,968
2018,172,5,9
2019,719,58,243
2020,300,31,972
2021,1670,29,779
2022,256,90,613
2023,244,90,137
2024,1440,43,353
2025,243,43,98
2026,53,56,872
2027,1561,30,668
2028,1416,83,995
2029,551,92,120
2030,530,22,641
2031,531,79,722
2032,98,53,349
2033,377,66,85
2034,1336,57,90
2035,1373,85,876
2036,257,57,291
2037,1768,9,103
2038,270,72,562
2039,1626,28,261
2040,915,91,66
2041,647,82,91
2042,1221,11,198
2043,482,57,372
2044,639,53,429
2045,874,52,499
2046,146,70,408
2047,1270,94,351
2048,1609,48,382
2049,566,50,666
2050,842,2,808
2051,1569,63,73
2052,24,43,195
2053,1901,77,266
2054,86,37,773
2055,818,2,859
2056,1114,29,622
2057,1052,79,327
2058,168,39,338
2059,789,68,481
2060,1592,38,309
2061,369,53,73
2062,748,55,962
2063,536,75,911
2064,32,10,71
2065,14,49,118
2066,611,84,229
2067,1228,95,363
2068,374,54,891
2069,85,81,39
2070,859,44,44
2071,403,98,861
2072,387,21,608
2073,1887,11,214
2074,1661,54,294
2075,373,84,604
2076,965,32,945
2077,669,37,348
2078,1051,77,606
2079,430,3,830
2080,1776,76,943
2081,428,78,926
2082,1032,61,859
2083,1257,55,203
2084,1679,7,912
2085,1899,26,319
2086,378,42,292
2087,1940,63,799
2088,821,66,116
2089,1864,74,207
2090,741,56,55
2091,66,27,70
2092,993,23,286
2093,1241,28,635
2094,1678,6,155
2095,966,41,591
2096,121,50,948
2097,96,55,288
2098,706,18,50
2099,1901,66,42
2100,168,1,687
2101,105,19,807
2102,223,13,856
2103,244,63,363
2104,618,79,629
2105,82,82,46
2106,1935,83,779
2107,1578,49,427
2108,825,2,805
2109,1621,2,203
2110,606,82,654
2111,1608,47,190
2112,453,76,595
2113,1106,57,844
2114,720,24,296
2115,110,65,977
2116,294,31,240
2117,510,72,276
2118,809,62,851
2119,1729,53,298
2120,253,22,384
2121,647,21,818
2122,1051,73,307
2123,621,91,134
2124,515,32,733
2125,387,56,61
2126,960,76,780
2127,1378,21,569
2128,500,87,786
2129,590,49,683
2130,874,69,936
2131,1821,52,640
2132,1219,32,51
2133,1103,19,6
2134,1800,68,315
2135,1554,82,472
2136,275,3,134
2137,1463,23,159
2138,394,87,2
2139,1710,4,624
2140,7,83,265
2141,60,91,642
2142,1455,28,544
2143,814,47,158
2144,1442,88,762
2145,665,67,808
2146,145,15,206
2147,1729,36,29
2148,1180,64,210
2149,1120,63,700
2150,1139,91,486
2151,1382,17,20
2152,324,46,674
2153,1899,7,780
2154,622,43,522
2155,1633,17,768
2156,377,20,895
2157,357,81,509
2158,1452,12,616
2159,762,38,760
2160,619,32,793
2161,1735,35,722
2162,60,83,763
2163,1229,13,668
2164,43,25,927
2165,1193,79,130
2166,1376,9,37
2167,1002,56,449
2168,1278,26,726
2169,698,15,32
2170,707,66,294
2171,500,87,12
2172,1456,89,835
2173,1991,72,499
2174,1789,67,982
2175,277,19,370
2176,29,42,687
2177,501,34,388
2178,906,67,898
2179,1870,89,965
2180,1053,89,505
2181,1524,69,577
2182,1438,71,287
2183,101,100,492
2184,1382,49,835
2185,1439,54,93
2186,652,24,412
2187,72,61,580
2188,875,6,146
2189,1257,59,446
2190,1594,71,186
2191,1946,71,923
2192,1217,54,257
2193,1039,79,382
2194,114,68,112
2195,1389,93,222
2196,1489,63,626
2197,1895,18,193
2198,592,46,873
2199,689,75,977
2200,861,91,113
2201,813,49,819
2202,1016,52,841
2203,1408,56,661
2204,836,74,119
2205,1078,22,606
2206,977,51,133
2207,814,8,463
2208,907,29,933
2209,890,23,32
2210,1521,7,657
2211,726,70,659
2212,1923,44,428
2213,1512,23,238
2214,946,93,18
2215,932,55,278
2216,1526,27,1
2217,130,57,359
2218,1437,31,800
2219,1351,4,482
2220,918,45,260
2221,673,96,488
2222,1118,31,268
2223,531,97,442
2224,100,31,438
2225,457,11,991
2226,937,89,418
2227,1628,7,781
2228,1794,43,485
2229,1611,90,418
2230,380,84,975
2231,916,5,645
2232,45,52,496
2233,1952,9,927
2234,40,16,696
2235,259,99,433
2236,807,73,44
2237,435,90,577
2238,156,16,849
2239,1182,76,970
2240,1432,40,618
2241,247,90,432
2242,1312,40,80
2243,518,96,955
2244,835,15,749
2245,1132,6,390
2246,855,78,309
2247,1402,4,288
2248,1489,16,182
2249,1275,59,725
2250,945,97,166
2251,67,94,511
2252,1038,72,810
2253,18,2,578
2254,856,29,675
2255,360,85,540
2256,475,100,854
2257,1826,18,779
2258,1048,50,575
2259,157,95,159
2260,1407,44,208
2261,1863,31,562
2262,1925,66,588
2263,1375,84,776
2264,103,35,488
2265,1643,90,774
2266,1774,68,179
2267,913,15,195
2268,1868,73,591
2269,187,88,535
2270,1289,24,315
2271,574,1,470
2272,1459,76,988
2273,884,36,578
2274,1572,73,130
2275,1271,90,498
2276,563,58,174
2277,856,41,143
2278,571,44,734
2279,661,96,734
2280,790,76,342
2281,987,86,241
2282,955,32,895
2283,1699,71,144
2284,1185,86,474
2285,1505,4,98
2286,1621,9,30
2287,570,60,460
2288,285,63,357
2289,359,32,709
2290,1487,71,294
2291,716,8,196
2292,1502,92,956
2293,10,19,175
2294,885,72,521
2295,654,58,231
2296,1517,23,230
2297,1483,100,382
2298,15,19,734
2299,1048,85,756
2300,1153,80,772
2301,1342,55,576
2302,1226,43,816
2303,693,48,626
2304,584,76,276
2305,348,84,404
2306,329,67,310
2307,1797,69,569
2308,501,71,32
2309,1899,47,719
2310,502,12,473
2311,706,3,127
2312,1110,25,399
2313,171,77,359
2314,1744,16,266
2315,1423,48,789
2316,1305,1,213
2317,1523,79,158
2318,693,77,580
2319,1246,23,695
2320,1985,28,460
2321,1154,20,818
2322,340,41,571
2323,94,73,32
2324,510,4,100
2325,936,59,2
2326,1509,59,125
2327,423,27,717
2328,1193,72,686
2329,1253,92,78
2330,245,62,127
2331,1041,51,864
2332,1291,40,919
2333,114,63,988
2334,1300,81,699
2335,497,98,773
2336,1796,54,472
2337,313,34,540
2338,423,95,954
2339,1421,60,719
2340,270,5,705
2341,231,57,415
2342,1865,50,430
2343,997,55,729
2344,1237,87,216
2345,1128,86,172
2346,880,88,542
2347,1161,74,149
2348,1276,59,488
2349,1132,47,128
2350,389,37,121
2351,1200,26,477
2352,462,1,611
2353,1134,67,453
2354,1919,10,819
2355,1785,77,96
2356,169,44,795
2357,95,49,535
2358,269,25,927
2359,502,38,947
2360,397,94,138
2361,69,72,822
2362,1916,88,686
2363,352,59,426
2364,333,69,310
2365,490,29,973
2366,172,59,953
2367,823,4,94
2368,1838,55,5
2369,1325,38,645
2370,1105,44,900
2371,964,100,389
2372,436,81,893
2373,1505,85,92
2374,575,81,39
2375,1109,74,429
2376,1399,62,390
2377,1249,52,700
2378,366,42,149
2379,1331,52,569
2380,249,50,834
2381,1212,21,241
2382,1564,87,820
2383,862,30,970
2384,1497,9,943
2385,1618,48,695
2386,980,5,328
2387,649,29,682
2388,800,82,936
2389,1532,27,235
2390,1390,71,620
2391,73,71,268
2392,358,21,894
2393,1481,96,328
2394,500,14,24
2395,1148,41,961
2396,1526,71,269
2397,1122,27,687
2398,1820,9,485
2399,1435,5,737
2400,1284,29,796
2401,1782,51,880
2402,884,12,958
2403,711,62,239
2404,408,71,899
2405,1847,42,540
2406,562,58,347
2407,1378,57,25
2408,928,10,950
2409,1047,53,702
2410,1967,29,855
2411,1877,60,881
2412,1699,48,751
2413,1667,10,318
2414,1625,67,585
2415,1504,40,99
2416,1182,70,786
2417,1704,44,59
2418,556,23,787
2419,106,25,687
2420,1803,77,259
2421,792,70,573
2422,752,24,334
2423,61,41,591
2424,1761,71,526
2425,1136,85,539
2426,1200,74,582
2427,311,43,382
2428,1487,3,985
2429,466,100,107
2430,1564,92,142
2431,1230,23,91
2432,1889,95,347
2433,616,38,80
2434,1637,62,365
2435,1069,46,547
2436,1998,70,486
2437,55,86,240
2438,626,23,697
2439,494,37,418
2440,1853,87,871
2441,1597,75,551
2442,1619,83,172
2443,300,28,757
2444,1891,9,234
2445,1171,45,877
2446,1966,82,974
2447,622,20,857
2448,781,82,338
2449,1590,71,391
2450,1652,75,904
2451,589,100,590
2452,1574,33,11
2453,98,65,411
2454,1518,63,253
2455,1177,24,849
2456,570,49,55
2457,1138,32,30
2458,1304,91,414
2459,1064,87,60
2460,396,69,257
2461,1855,20,46
2462,1599,16,517
2463,91,61,180
2464,1692,90,104
2465,593,13,550
2466,1134,83,852
2467,496,26,42
2468,1123,66,441
2469,483,4,810
2470,282,69,507
2471,611,46,1
2472,798,70,189
2473,1648,31,382
2474,1893,21,715
2475,1735,7,764
2476,1825,94,121
2477,1307,70,10
2478,1257,44,436
2479,1255,24,43
2480,510,89,888
2481,1912,80,827
2482,1362,94,19
2483,337,73,869
2484,946,99,479
2485,1898,86,909
2486,1392,22,505
2487,1538,97,662
2488,847,39,529
2489,1940,93,105
2490,1118,67,255
2491,1623,21,535
2492,1458,28,433
2493,71,86,855
2494,449,36,318
2495,54,67,653
2496,969,84,828
2497,1278,29,694
2498,91,52,251
2499,584,85,610
2500,563,22,68
2501,1838,90,994
2502,394,62,273
2503,1252,45,775
2504,642,33,672
2505,402,87,119
2506,1900,40,804
2507,748,67,897
2508,259,34,861
2509,1234,25,540
2510,51,27,377
2511,672,100,30
2512,1929,26,427
2513,151,90,725
2514,484,79,832
2515,1143,90,262
2516,1912,25,671
2517,1174,59,228
2518,1851,93,668
2519,1388,51,230
2520,466,39,459
2521,1909,19,355
2522,1351,11,49
2523,1285,100,916
2524,1729,41,936
2525,151,59,593
2526,872,98,771
2527,1488,83,963
2528,883,57,300
2529,1985,87,409
2530,628,74,663
2531,1470,3,836
2532,82,56,905
2533,185,45,576
2534,664,22,372
2535,261,58,21
2536,476,68,488
2537,1249,73,123
2538,917,27,360
2539,1917,74,536
2540,319,77,458
2541,1445,87,297
2542,770,34,976
2543,1654,82,760
2544,934,41,193
2545,273,90,933
2546,1555,2,522
2547,302,54,706
2548,1511,77,339
2549,1232,81,169
2550,72,32,608
2551,1557,86,275
2552,111,30,257
2553,331,73,211
2554,464,65,288
2555,778,31,900
2556,1965,28,475
2557,519,50,333
2558,93,11,212
2559,1017,77,513
2560,322,26,681
2561,1010,97,746
2562,490,93,732
2563,1308,16,128
2564,1000,66,466
2565,473,5,583
2566,1480,81,962
2567,116,1,686
2568,1756,32,507
2569,1341,99,145
2570,114,58,622
2571,359,21,187
2572,1480,36,979
2573,296,7,255
2574,1359,70,669
2575,457,96,40
2576,1597,40,989
2577,1579,59,367
2578,896,27,967
2579,1974,57,57
2580,1316,67,775
2581,425,56,897
2582,323,62,890
2583,367,39,234
2584,1389,99,144
2585,913,69,86
2586,124,29,769
2587,669,7,806
2588,422,27,848
2589,406,79,561
2590,829,83,58
2591,1104,53,647
2592,604,50,328
2593,1483,57,671
2594,236,37,833
2595,319,2,667
2596,1692,82,935
2597,1556,11,793
2598,1897,29,591
2599,1181,96,540
2600,1945,81,114
2601,1298,53,50
2602,1498,27,980
2603,1922,29,624
2604,693,97,164
2605,673,34,347
2606,1132,76,879
2607,1918,25,498
2608,348,66,743
2609,1378,23,20
2610,1015,27,847
2611,1319,100,367
2612,1580,5,724
2613,1240,71,776
2614,787,41,869
2615,1138,8,174
2616,144,84,452
2617,1966,77,631
2618,222,93,492
2619,140,5,720
2620,1822,45,114
2621,1080,26,776
2622,1631,10,632
2623,1475,96,266
2624,767,13,378
2625,246,56,649
2626,720,73,209
2627,920,79,292
2628,1095,58,922
2629,101,52,593
2630,660,47,635
2631,66,17,119
2632,339,6,556
2633,99,45,55
2634,592,19,225
2635,581,77,401
2636,534,27,297
2637,55,49,471
2638,947,55,120
2639,350,90,116
2640,1037,65,962
2641,1024,15,17
2642,819,61,774
2643,985,61,955
2644,428,45,344
2645,295,22,952
2646,444,1,368
2647,1780,42,310
2648,472,23,360
2649,1719,33,660
2650,1813,43,893
2651,1202,68,6
2652,975,42,495
2653,1560,83,157
2654,1384,12,470
2655,1661,46,690
2656,355,84,131
2657,901,48,858
2658,348,92,83
2659,1533,69,936
2660,683,90,516
2661,1345,52,86
2662,430,62,938
2663,169,98,911
2664,1542,37,841
2665,1473,53,861
2666,1259,69,68
2667,323,29,973
2668,1620,81,307
2669,1672,47,969
2670,1470,14,514
2671,1658,97,798
2672,539,53,852
2673,994,92,312
2674,277,69,923
2675,727,99,583
2676,1501,58,409
2677,633,46,465
2678,985,60,56
2679,1362,80,182
2680,867,97,192
2681,1697,91,192
2682,1671,53,51
2683,1926,77,732
2684,1179,43,99
2685,682,21,152
2686,871,36,181
2687,35,75,835
2688,468,6,394
2689,1482,4,765
2690,32,5,874
2691,987,14,716
2692,633,31,16
2693,167,49,820
2694,551,99,936
2695,1831,77,935
2696,635,83,408
2697,1511,54,364
2698,534,26,622
2699,1005,73,462
2700,733,43,800
2701,853,92,300
2702,249,89,208
2703,1786,3,380
2704,810,53,171
2705,1335,70,599
2706,1658,51,850
2707,1479,44,242
2708,752,93,523
2709,650,94,12
2710,1951,65,557
2711,1069,60,804
2712,1256,28,857
2713,890,13,953
2714,692,73,490
2715,1858,30,473
2716,430,75,973
2717,1527,63,491
2718,1661,79,806
2719,1524,30,776
2720,1556,40,628
2721,1277,98,625
2722,1099,19,788
2723,1110,88,706
2724,1202,86,909
2725,27,91,372
2726,1207,87,92
2727,1885,87,192
2728,322,90,551
2729,812,81,517
2730,1269,24,813
2731,1465,12,535
2732,98,60,309
2733,1941,71,845
2734,68,76,315
2735,1285,27,161
2736,1521,56,128
2737,741,91,297
2738,1745,19,769
2739,745,58,532
2740,1274,2,560
2741,1038,88,679
2742,723,5,42
2743,628,80,372
2744,887,83,908
2745,13,39,521
2746,1790,70,47
2747,590,81,329
2748,1318,33,646
2749,1408,34,513
2750,923,6,703
2751,449,92,332
2752,1088,20,996
2753,245,28,120
2754,136,45,524
2755,1696,20,236
2756,403,50,589
2757,1155,34,226
2758,718,96,865
2759,860,72,715
2760,1281,98,368
2761,522,55,528
2762,918,23,766
2763,1228,55,364
2764,198,90,393
2765,1372,76,748
2766,1937,35,415
2767,1945,83,869
2768,422,35,477
2769,637,45,246
2770,1225,26,637
2771,1275,86,249
2772,1793,11,574
2773,1313,65,347
2774,1845,77,7
2775,1023,87,507
2776,11,69,717
2777,649,66,427
2778,411,72,164
2779,796,64,878
2780,1174,79,565
2781,1486,66,629
2782,1472,34,731
2783,336,87,997
2784,1261,41,235
2785,1853,27,468
2786,1474,50,573
2787,1169,2,61
2788,394,25,792
2789,701,29,945
2790,81,22,199
2791,64,78,75
2792,1705,47,119
2793,380,46,626
2794,1827,24,360
2795,549,83,962
2796,421,18,438
2797,928,49,190
2798,1333,90,470
2799,990,76,54
2800,1797,80,778
2801,1421,94,809
2802,664,97,573
2803,491,21,668
2804,606,72,708
2805,29,74,35
2806,169,19,709
2807,486,88,395
2808,1009,23,691
2809,1537,33,280
2810,1566,50,597
2811,208,26,329
2812,1060,13,781
2813,710,46,832
2814,1721,4,721
2815,752,59,242
2816,1657,11,120
2817,1261,77,532
2818,1402,41,612
2819,1514,14,198
2820,1820,2,732
2821,331,49,755
2822,730,56,402
2823,11,77,467
2824,281,34,417
2825,1109,67,841
2826,1454,97,203
2827,1468,96,980
2828,927,28,842
2829,1804,52,601
2830,165,55,417
2831,114,27,528
2832,758,16,226
2833,1604,50,531
2834,1814,94,57
2835,931,74,648
2836,101,100,292
2837,1118,50,748
2838,888,12,624
2839,949,2,386
2840,1665,17,367
2841,1395,28,663
2842,836,43,968
2843,462,57,933
2844,1756,31,928
2845,67,96,189
2846,1726,26,347
2847,1562,44,854
2848,155,58,773
2849,414,95,622
2850,1159,48,163
2851,126,56,554
2852,1089,45,10
2853,1036,88,594
2854,261,92,112
2855,1380,99,522
2856,1905,7,443
2857,50,60,904
2858,509,70,611
2859,574,37,329
2860,697,18,376
2861,495,59,776
2862,492,75,721
2863,482,3,938
2864,1224,92,938
2865,1771,63,640
2866,831,89,333
2867,926,39,617
2868,1603,93,101
2869,944,59,663
2870,1168,2,160
2871,994,74,898
2872,1681,50,163
2873,692,44,688
2874,1354,26,12
2875,1093,27,101
2876,1040,64,412
2877,1005,83,176
2878,1809,85,282
2879,634,29,597
2880,1867,65,27
2881,849,99,310
2882,220,71,921
2883,860,15,682
2884,1132,3,942
2885,69,78,362
2886,1295,58,193
2887,758,62,174
2888,1692,90,489
2889,1865,34,200
2890,400,18,401
2891,924,73,516
2892,1492,31,805
2893,1783,14,833
2894,394,12,304
2895,1727,10,931
2896,459,92,903
2897,1952,59,249
2898,1925,45,565
2899,1021,88,944
2900,218,54,104
2901,798,20,308
2902,1077,23,678
2903,1100,39,832
2904,865,50,835
2905,1485,13,604
2906,699,20,513
2907,695,49,870
2908,1922,69,282
2909,791,77,440
2910,314,13,806
2911,1788,12,245
2912,84,99,521
2913,307,7,579
2914,1396,32,122
2915,867,41,762
2916,936,2,621
2917,1830,92,764
2918,279,38,715
2919,597,20,212
2920,531,33,808
2921,1046,52,49
2922,1819,47,722
2923,1775,70,916
2924,1677,5,116
2925,116,57,186
2926,111,44,401
2927,828,66,20
2928,186,90,13
2929,1682,82,402
2930,412,44,774
2931,564,95,203
2932,455,15,618
2933,226,16,189
2934,410,20,785
2935,914,10,493
2936,1609,13,719
2937,1790,64,401
2938,361,62,977
2939,1319,47,403
2940,1218,99,955
2941,444,90,782
2942,1377,71,744
2943,1085,40,457
2944,1990,3,465
2945,1148,32,173
2946,1433,84,314
2947,1175,6,228
2948,318,34,580
2949,68,4,203
2950,1618,22,843
2951,436,38,513
2952,369,96,604
2953,859,67,874
2954,921,2,866
2955,1984,16,536
2956,974,5,595
2957,1885,75,979
2958,1806,83,207
2959,1970,19,801
2960,936,71,114
2961,1981,24,973
2962,879,10,85
2963,1490,75,145
2964,1842,62,641
2965,833,32,364
2966,598,87,277
2967,143,78,151
2968,254,15,282
2969,1469,16,93
2970,1389,24,588
2971,1350,24,463
2972,755,13,509
2973,1024,12,840
2974,1139,9,624
2975,685,100,801
2976,1178,96,82
2977,545,64,190
2978,612,28,666
2979,617,91,898
2980,500,41,610
2981,64,81,570
2982,1407,32,505
2983,1330,78,881
2984,1418,90,991
2985,964,30,541
2986,793,10,863
2987,779,26,402
2988,806,99,810
2989,851,73,970
2990,758,12,844
2991,1847,37,96
2992,1985,75,9
2993,306,53,516
2994,1765,68,995
2995,1769,24,19
2996,1328,66,915
2997,1842,72,123
2998,1639,41,561
2999,383,80,590
3000,754,100,758
3001,627,2,802
3002,1560,88,374
3003,416,52,922
3004,1915,8,713
3005,1106,32,750
3006,1754,87,830
3007,1766,83,322
3008,1317,81,905
3009,654,5,111
3010,1715,94,229
3011,666,84,949
3012,1422,46,264
3013,976,94,562
3014,1514,79,859
3015,1688,16,692
3016,1566,80,423
3017,215,67,644
3018,1596,58,233
3019,954,67,378
3020,1937,1,843
3021,1436,78,867
3022,1241,91,219
3023,1611,25,792
3024,524,25,430
3025,33,75,707
3026,1239,58,440
3027,711,73,843
3028,1491,82,360
3029,1140,29,785
3030,68,61,455
3031,406,53,550
3032,20,45,583
3033,479,52,404
3034,1947,93,618
3035,240,89,132
3036,560,24,169
3037,758,83,628
3038,766,61,202
3039,1302,71,905
3040,1181,19,304
3041,1089,30,196
3042,1587,4,31
3043,886,60,972
3044,1930,22,47
3045,827,38,488
3046,1046,49,434
3047,28,89,95
3048,415,73,664
3049,1051,25,8
3050,159,48,252
3051,112,15,746
3052,265,4,900
3053,1451,97,867
3054,1456,88,796
3055,1473,31,532
3056,52,59,316
3057,1952,10,100
3058,1288,51,232
3059,1894,31,246
3060,1395,27,752
3061,1342,40,786
3062,1157,65,529
3063,987,69,413
3064,1498,14,532
3065,1852,29,276
3066,1821,90,273
3067,1762,67,603
3068,881,73,450
3069,394,39,421
3070,1760,60,501
3071,337,38,245
3072,1119,21,394
3073,950,97,986
3074,739,53,466
3075,1645,52,496
3076,607,74,683
3077,355,3,479
3078,970,26,673
3079,250,82,251
3080,1473,36,506
3081,1189,55,141
3082,520,16,787
3083,841,92,779
3084,481,93,451
3085,848,9,171
3086,1982,78,529
3087,1004,5,710
3088,485,52,536
3089,1430,72,828
3090,1857,97,218
3091,1061,4,582
3092,1640,63,854
3093,1385,38,827
3094,1087,52,741
3095,1385,91,291
3096,1552,81,394
3097,258,97,324
3098,1622,40,412
3099,180,23,700
3100,1468,7,73
3101,1859,7,763
3102,1716,51,945
3103,216,95,869
3104,1696,99,783
3105,502,33,969
3106,953,42,85
3107,1575,22,519
3108,37,8,403
3109,1929,21,59
3110,1506,29,274
3111,650,19,451
3112,1003,58,601
3113,1874,47,932
3114,1329,90,946
3115,455,75,771
3116,823,46,268
3117,1105,42,933
3118,1773,85,508
3119,35,48,67
3120,1023,11,606
3121,679,90,905
3122,1547,55,133
3123,576,36,116
3124,345,26,161
3125,1806,66,869
3126,400,14,737
3127,1046,85,675
3128,820,26,608
3129,1529,48,944
3130,753,16,856
3131,852,68,234
3132,785,77,935
3133,1054,25,631
3134,1070,71,13
3135,1749,8,940
3136,991,93,657
3137,891,37,54
3138,1175,50,7
3139,116,77,572
3140,669,43,294
3141,974,68,735
3142,4,92,345
3143,1744,16,368
3144,942,25,429
3145,105,22,815
3146,1002,14,43
3147,1167,38,834
3148,1212,32,628
3149,995,36,696
3150,78,24,934
3151,186,93,936
3152,365,28,555
3153,432,91,926
3154,1963,75,625
3155,483,38,781
3156,1407,61,955
3157,726,41,790
3158,1347,85,799
3159,1738,58,116
3160,1712,98,429
3161,1906,77,414
3162,1988,7,733
3163,1374,21,937
3164,1418,91,441
3165,765,24,534
3166,1855,57,525
3167,1532,59,899
3168,257,82,49
3169,976,85,87
3170,1345,17,191
3171,1116,38,507
3172,1843,44,907
3173,1955,83,979
3174,1445,30,449
3175,1047,14,169
3176,1613,3,135
3177,1550,35,863
3178,961,41,856
3179,1890,7,235
3180,360,35,1
3181,323,99,69
3182,1649,76,630
3183,32,71,352
3184,541,14,112
3185,1188,45,126
3186,1677,11,281
3187,100,82,487
3188,610,29,153
3189,36,27,69
3190,1008,19,324
3191,374,76,888
3192,1609,94,513
3193,118,83,575
3194,146,95,306
3195,365,34,834
3196,1865,90,858
3197,97,24,55
3198,996,70,491
3199,423,68,367
3200,1695,83,121
3201,449,67,718
3202,1317,7,455
3203,896,17,891
3204,1265,23,846
3205,1668,90,802
3206,198,91,660
3207,108,83,967
3208,1375,38,545
3209,371,73,583
3210,1977,93,215
3211,261,52,868
3212,272,13,338
3213,1352,58,777
3214,830,13,832
3215,232,68,436
3216,1998,45,757
3217,752,3,353
3218,119,60,825
3219,1418,56,205
3220,545,83,873
3221,1060,39,553
3222,1871,64,785
3223,1551,41,674
3224,1181,91,798
3225,1865,21,616
3226,549,4,132
3227,1887,22,191
3228,162,9,759
3229,387,11,816
3230,1684,88,116
3231,1377,37,728
3232,1263,54,827
3233,1264,2,840
3234,815,89,695
3235,1114,17,745
3236,833,76,249
3237,882,41,723
3238,972,93,302
3239,1138,7,539
3240,1900,40,133
3241,1953,84,405
3242,808,71,198
3243,1581,75,607
3244,1906,90,649
3245,90,71,874
3246,1814,11,798
3247,709,89,71
3248,1715,44,561
3249,1542,10,848
3250,893,60,744
3251,439,68,146
3252,1283,48,770
3253,1831,15,978
3254,802,14,494
3255,650,67,476
3256,345,46,27
3257,1493,66,806
3258,158,88,833
3259,301,7,783
3260,1083,10,145
3261,1895,61,643
3262,1545,80,768
3263,1186,51,454
3264,1157,37,362
3265,77,38,550
3266,539,87,789
3267,44,34,213
3268,1267,32,843
3269,906,100,473
3270,597,26,428
3271,444,8,142
3272,759,29,828
3273,1817,75,710
3274,167,67,282
3275,389,30,319
3276,35,44,344
3277,781,2,615
3278,1385,50,753
3279,1495,19,197
3280,7,56,435
3281,1849,39,223
3282,1324,92,100
3283,46,87,459
3284,115,31,769
3285,1234,3,101
3286,268,90,307
3287,699,33,832
3288,693,88,706
3289,1994,58,110
3290,640,69,712
3291,1233,20,819
3292,1169,81,103
3293,1097,78,808
3294,1026,10,726
3295,946,95,137
3296,1727,60,388
3297,544,55,555
3298,379,39,283
3299,1154,60,592
3300,464,15,8
3301,1839,18,261
3302,650,37,956
3303,1875,26,877
3304,1884,66,32
3305,1597,29,299
3306,695,15,473
3307,1114,51,237
3308,621,87,450
3309,103,55,10
3310,1606,33,384
3311,1967,42,990
3312,803,42,784
3313,703,12,937
3314,41,100,885
3315,336,98,407
3316,1760,50,585
3317,846,95,934
3318,950,33,927
3319,1655,78,286
3320,684,55,905
3321,1191,94,860
3322,578,47,442
3323,1897,20,540
3324,818,80,817
3325,1984,99,888
3326,1863,2,414
3327,1813,86,751
3328,1204,95,204
3329,1719,77,227
3330,804,91,141
3331,1214,87,227
3332,1442,66,629
3333,1931,30,991
3334,1956,84,60
3335,163,95,980
3336,525,73,353
3337,711,36,159
3338,1651,29,503
3339,324,3,687
3340,1413,90,364
3341,1694,22,768
3342,1716,47,245
3343,708,35,545
3344,1766,54,99
3345,171,23,726
3346,1121,94,85
3347,1372,10,375
3348,437,42,403
3349,1720,6,169
3350,358,93,444
3351,966,41,764
3352,48,83,19
3353,481,10,412
3354,1723,41,850
3355,1485,27,552
3356,1652,11,997
3357,365,23,847
3358,1497,15,74
3359,1828,6,173
3360,1454,26,512
3361,382,63,885
3362,1699,21,606
3363,217,20,825
3364,1761,33,394
3365,518,23,84
3366,551,90,229
3367,1213,18,905
3368,937,19,164
3369,1788,12,741
3370,748,23,897
3371,32,43,272
3372,1273,62,424
3373,431,49,747
3374,366,40,468
3375,1159,37,640
3376,796,35,871
3377,1205,35,2
3378,1467,78,536
3379,514,52,51
3380,1198,36,139
3381,465,90,179
3382,822,73,338
3383,217,37,85
3384,537,19,712
3385,344,4,56
3386,1418,76,835
3387,607,55,462
3388,829,96,849
3389,1939,73,485
3390,787,36,514
3391,1183,39,331
3392,663,50,340
3393,1437,23,230
3394,1090,31,674
3395,1512,24,728
3396,1775,74,503
3397,1117,8,185
3398,264,53,332
3399,1076,65,420
3400,924,22,199
3401,1217,74,473
3402,1686,67,509
3403,1682,22,716
3404,1455,27,739
3405,947,21,284
3406,305,67,7
3407,1128,41,362
3408,354,21,714
3409,1105,6,428
3410,1785,82,147
3411,703,47,619
3412,1989,72,342
3413,401,52,591
3414,1907,14,763
3415,1057,59,844
3416,1620,48,533
3417,1165,27,983
3418,1640,8,868
3419,954,100,743
3420,1767,54,596
3421,233,46,473
3422,944,55,563
3423,1249,79,681
3424,714,23,900
3425,475,19,444
3426,596,61,773
3427,1932,31,242
3428,202,85,815
3429,51,55,737
3430,1208,30,682
3431,926,100,682
3432,1755,87,230
3433,1350,88,904
3434,1332,42,416
3435,1584,82,582
3436,1479,66,516
3437,1848,3,152
3438,690,16,156
3439,819,27,705
3440,436,41,311
3441,1726,50,418
3442,322,78,327
3443,462,2,778
3444,607,73,994
3445,34,13,477
3446,1575,22,901
3447,1613,92,994
3448,168,29,560
3449,1411,21,210
3450,754,15,74
3451,1579,69,642
3452,5,16,609
3453,1641,78,632
3454,1214,21,995
3455,1169,50,230
3456,1364,43,426
3457,145,40,531
3458,1834,19,392
3459,921,32,768
3460,637,80,314
3461,1037,70,204
3462,544,32,670
3463,726,18,431
3464,110,82,83
3465,1144,86,150
3466,1413,75,908
3467,1561,95,385
3468,1404,80,265
3469,1990,6,662
3470,1617,85,772
3471,963,51,573
3472,1223,66,788
3473,1971,41,727
3474,1249,91,784
3475,1806,31,555
3476,337,22,568
3477,1741,59,998
3478,1509,36,108
3479,1914,79,165
3480,733,58,693
3481,139,91,800
3482,449,97,409
3483,1064,66,696
3484,764,52,438
3485,1634,36,343
3486,1411,18,884
3487,350,49,505
3488,975,43,837
3489,1980,15,860
3490,207,6,4
3491,1577,28,871
3492,1527,87,621
3493,1375,37,812
3494,1865,75,346
3495,1791,59,934
3496,572,35,501
3497,394,100,267
3498,1903,15,453
3499,1997,79,544
3500,1069,23,1
3501,1321,67,184
3502,1261,83,375
3503,439,56,974
3504,446,42,586
3505,675,46,696
3506,296,82,412
3507,1771,16,438
3508,925,53,392
3509,1761,24,869
3510,1285,28,383
3511,1833,79,406
3512,1751,9,503
3513,1538,63,287
3514,1067,4,49
3515,1944,87,882
3516,785,63,832
3517,1911,95,759
3518,879,58,866
3519,32,32,223
3520,1972,30,428
3521,1123,75,152
3522,536,45,524
3523,1421,13,434
3524,1043,97,919
3525,144,20,805
3526,1168,98,247
3527,910,20,934
3528,808,100,298
3529,1109,18,250
3530,57,21,392
3531,1500,95,111
3532,308,84,981
3533,772,41,641
3534,1643,92,869
3535,1877,52,167
3536,1431,57,961
3537,1192,39,362
3538,731,58,271
3539,1657,63,822
3540,675,3,70
3541,1036,1,718
3542,1735,91,488
3543,1011,54,696
3544,104,44,529
3545,818,63,356
3546,1507,88,715
3547,1294,13,883
3548,169,41,570
3549,1117,22,812
3550,875,39,562
3551,318,51,164
3552,707,81,955
3553,726,30,208
3554,694,80,129
3555,1717,6,502
3556,1846,19,915
3557,1504,41,583
3558,898,36,780
3559,478,66,785
3560,1988,26,697
3561,1616,3,422
3562,1163,43,102
3563,1499,30,690
3564,1596,2,952
3565,941,34,286
3566,1821,81,343
3567,164,39,584
3568,1288,12,592
3569,1170,73,520
3570,209,99,323
3571,1891,32,615
3572,784,79,408
3573,403,38,397
3574,1722,90,497
3575,585,32,865
3576,540,31,461
3577,1410,76,328
3578,1536,73,203
3579,1187,80,222
3580,1997,2,533
3581,589,73,386
3582,1041,13,848
3583,1534,87,82
3584,138,83,786
3585,1519,11,685
3586,580,10,935
3587,1591,45,892
3588,519,48,158
3589,1813,85,299
3590,480,95,660
3591,652,89,509
3592,543,80,240
3593,484,56,682
3594,1361,31,72
3595,53,36,870
3596,943,77,529
3597,1920,57,29
3598,1575,70,969
3599,668,41,34
3600,129,34,280
3601,465,29,192
3602,1302,29,897
3603,78,47,770
3604,244,15,612
3605,1507,38,56
3606,1316,55,90
3607,1702,25,960
3608,155,37,60
3609,1780,73,936
3610,212,62,701
3611,692,97,291
3612,62,1,228
3613,371,18,319
3614,843,25,740
3615,984,54,896
3616,1605,29,495
3617,872,64,756
3618,583,74,326
3619,1351,95,15
3620,13,67,511
3621,276,24,747
3622,377,11,989
3623,79,49,676
3624,719,20,67
3625,1228,75,19
3626,1769,93,654
3627,34,63,401
3628,77,39,782
3629,1789,91,674
3630,919,51,664
3631,570,90,883
3632,612,73,378
3633,761,64,951
3634,1564,61,248
3635,273,5,142
3636,855,42,680
3637,878,10,129
3638,1514,65,894
3639,1257,35,329
3640,83,93,692
3641,1106,80,801
3642,199,67,458
3643,1188,39,734
3644,1717,58,130
3645,1952,76,61
3646,1211,59,125
3647,1195,17,269
3648,458,60,809
3649,855,84,844
3650,1373,18,807
3651,1007,69,750
3652,782,74,744
3653,255,70,633
3654,63,10,379
3655,9,36,801
3656,1819,72,14
3657,1515,99,831
3658,432,39,167
3659,955,82,130
3660,1184,21,451
3661,1208,33,29
3662,1407,19,827
3663,583,33,400
3664,120,93,814
3665,1305,62,43
3666,1828,23,702
3667,8,60,15
3668,1946,35,158
3669,1310,81,802
3670,551,33,107
3671,1206,98,250
3672,535,25,387
3673,987,74,426
3674,862,26,491
3675,854,5,111
3676,1025,39,140
3677,932,14,927
3678,204,31,62
3679,1903,6,482
3680,48,39,899
3681,1581,83,152
3682,1865,18,218
3683,44,78,973
3684,990,66,898
3685,492,11,360
3686,1713,49,578
3687,1929,28,32
3688,742,69,131
3689,1703,50,7
3690,1872,85,7
3691,1016,8,761
3692,897,31,263
3693,1538,86,75
3694,1426,4,674
3695,1842,86,910
3696,1900,29,269
3697,33,62,1000
3698,1673,83,31
3699,798,75,381
3700,390,26,391
3701,529,30,285
3702,240,24,182
3703,256,32,391
3704,1405,44,14
3705,37,8,220
3706,1152,51,81
3707,1509,89,450
3708,1099,37,481
3709,1069,80,500
3710,1946,77,976
3711,554,15,718
3712,781,49,421
3713,954,83,580
3714,177,10,815
3715,468,71,149
3716,251,44,544
3717,801,49,619
3718,522,9,710
3719,185,18,204
3720,1353,77,453
3721,719,79,900
3722,249,57,765
3723,1175,64,467
3724,218,31,366
3725,211,87,662
3726,367,81,50
3727,329,29,638
3728,543,85,947
3729,355,31,854
3730,361,72,512
3731,45,97,849
3732,1502,77,273
3733,699,28,611
3734,213,10,717
3735,1415,42,253
3736,158,93,203
3737,1304,50,967
3738,137,83,276
3739,1723,3,69
3740,1690,32,66
3741,1210,3,286
3742,1772,83,533
3743,670,91,65
3744,1839,26,184
3745,1757,57,505
3746,279,33,493
3747,504,8,860
3748,394,92,435
3749,403,77,443
3750,307,17,948
3751,722,71,767
3752,289,54,718
3753,1830,63,159
3754,1529,60,155
3755,439,100,606
3756,831,33,6
3757,1569,4,522
3758,1826,86,460
3759,1730,88,520
3760,1350,20,199
3761,986,34,974
3762,1428,90,528
3763,176,56,250
3764,97,26,597
3765,1357,72,358
3766,1701,1,76
3767,1101,35,29
3768,739,83,436
3769,1318,26,573
3770,1261,49,649
3771,324,94,599
3772,652,60,353
3773,1440,100,72
3774,1316,50,29
3775,932,91,818
3776,135,40,267
3777,608,27,631
3778,1239,37,332
3779,1904,5,738
3780,857,36,341
3781,588,77,187
3782,270,65,278
3783,173,40,300
3784,236,11,566
3785,1121,61,729
3786,777,58,348
3787,906,57,543
3788,1498,38,189
3789,1866,65,73
3790,871,42,905
3791,156,71,616
3792,395,91,997
3793,514,63,396
3794,1516,58,403
3795,576,10,653
3796,1817,14,689
3797,1807,8,221
3798,884,49,909
3799,276,81,61
3800,164,21,820
3801,697,61,639
3802,1279,11,155
3803,1958,57,263
3804,1296,11,820
3805,1420,9,376
3806,596,38,190
3807,1478,95,883
3808,992,35,39
3809,1789,14,854
3810,945,91,159
3811,918,65,833
3812,731,28,811
3813,334,41,752
3814,1216,13,544
3815,1425,18,86
3816,1206,27,455
3817,883,20,731
3818,1459,82,569
3819,1256,49,636
3820,491,70,369
3821,174,57,439
3822,1410,96,528
3823,819,88,544
3824,1498,73,131
3825,1398,51,407
3826,45,60,311
3827,1582,73,141
3828,1733,87,77
3829,96,4,721
3830,1187,69,955
3831,1036,9,784
3832,1888,57,751
3833,1707,17,929
3834,380,63,833
3835,1812,17,910
3836,1889,90,477
3837,860,23,790
3838,651,46,15
3839,1150,20,547
3840,257,68,578
3841,42,93,303
3842,1216,6,378
3843,552,68,562
3844,1789,35,378
3845,1997,39,517
3846,1607,31,360
3847,410,24,312
3848,519,32,41
3849,1459,19,184
3850,624,92,26
3851,50,15,854
3852,928,55,988
3853,899,60,22
3854,1116,6,119
3855,876,79,867
3856,1417,96,329
3857,1486,42,119
3858,703,34,279
3859,1106,97,196
3860,1269,58,715
3861,1992,12,771
3862,1010,21,310
3863,1249,64,36
3864,1230,96,755
3865,29,4,617
3866,1253,81,723
3867,1206,7,416
3868,718,71,735
3869,1101,17,714
3870,923,89,10
3871,112,99,536
3872,443,63,987
3873,200,5,442
3874,1194,50,960
3875,839,81,17
3876,1439,11,706
3877,969,37,796
3878,960,45,253
3879,1748,23,728
3880,1201,34,500
3881,575,61,662
3882,1697,49,614
3883,1812,44,170
3884,1571,99,348
3885,64,70,186
3886,527,48,186
3887,591,95,369
3888,1953,46,943
3889,1531,100,416
3890,1175,29,908
3891,1172,72,438
3892,372,68,256
3893,366,82,512
3894,1780,56,796
3895,1309,23,372
3896,977,36,102
3897,904,74,57
3898,1098,67,4
3899,837,17,13
3900,6,95,39
3901,1227,82,128
3902,496,83,328
3903,1076,57,397
3904,1121,13,132
3905,279,34,942
3906,777,87,719
3907,1422,33,357
3908,1601,88,284
3909,1543,76,266
3910,950,24,365
3911,1569,66,827
3912,614,60,974
3913,804,38,87
3914,15,24,305
3915,1240,60,686
3916,1713,85,768
3917,1689,84,424
3918,392,85,583
3919,1386,14,504
3920,1611,71,873
3921,991,16,999
3922,892,71,383
3923,1744,49,444
3924,371,65,925
3925,836,36,472
3926,461,51,722
3927,627,46,701
3928,443,49,673
3929,30,21,278
3930,110,32,293
3931,711,81,960
3932,1548,45,918
3933,640,37,266
3934,449,47,791
3935,368,62,737
3936,1836,33,690
3937,591,30,146
3938,857,25,738
3939,1971,23,669
3940,1355,13,390
3941,188,55,27
3942,965,93,229
3943,904,90,176
3944,685,97,722
3945,958,58,568
3946,1463,35,200
3947,1154,33,42
3948,1260,15,631
3949,1308,51,64
3950,112,25,953
3951,351,91,226
3952,1774,20,631
3953,148,12,434
3954,257,88,366
3955,49,38,817
3956,1056,90,743
3957,877,61,625
3958,1194,42,821
3959,1307,71,364
3960,1522,52,696
3961,1136,100,862
3962,1965,73,533
3963,763,7,174
3964,1980,88,630
3965,1416,18,923
3966,1927,50,939
3967,1659,27,757
3968,141,92,937
3969,1176,91,91
3970,706,87,816
3971,558,70,61
3972,1588,27,690
3973,1161,43,121
3974,406,3,190
3975,968,38,873
3976,1460,14,755
3977,988,32,899
3978,1193,95,309
3979,147,53,678
3980,1087,94,782
3981,1532,12,891
3982,553,18,137
3983,702,59,673
3984,1808,52,730
3985,630,38,101
3986,1457,3,238
3987,501,53,207
3988,40,42,686
3989,1079,90,758
3990,1127,38,793
3991,16,74,687
3992,224,28,145
3993,482,25,639
3994,805,98,886
3995,1132,42,359
3996,1558,99,951
3997,140,12,471
3998,827,90,819
3999,600,61,43
4000,1660,48,771
